system:index,B1,B2,B3,B4,B5,B7,MNDWI,NDVI,analyst,date,dfoID,id,lat,lon,random,strata,validation,.geo
0,718.6063951275221,1073.323258469738,1583.5016368481165,2151.0918157594224,3659.651313285117,2870.503920822233,-0.33292127161812785,0.1528230991711832,SiL,06/15/2018,2780,0,-23.84015449140061,113.8692569732666,0.6043728458586642,0,0,"{""geodesic"":false,""type"":""Polygon"",""coordinates"":[[[113.86810274163663,-23.841289172393658],[113.87054616975745,-23.841289172393658],[113.87054616975745,-23.83903988818366],[113.86810274163663,-23.83903988818366],[113.86810274163663,-23.841289172393658]]]}"
1,595.2528908478087,1113.9494425719463,2130.6323049001803,2846.282914182006,4702.626808400308,4037.805237231006,-0.4374910215781973,0.14398529826150816,SiL,06/15/2018,2780,1,-23.822175067905384,114.38355445861816,0.9638282348955017,0,0,"{""geodesic"":false,""type"":""Polygon"",""coordinates"":[[[114.38238841073125,-23.823322866711273],[114.38483150044758,-23.823322866711273],[114.38483150044758,-23.82107358250127],[114.38238841073125,-23.82107358250127],[114.38238841073125,-23.823322866711273]]]}"
10,732.1121600359633,1023.8210271971227,1377.5993481681273,2119.23668240054,3223.187401663295,2303.2577545515837,-0.34858137360989633,0.21220278213958252,SiL,06/15/2018,2780,10,-23.710081273458307,113.77492904663086,0.2492278684366791,0,0,"{""geodesic"":false,""type"":""Polygon"",""coordinates"":[[[113.77378085781265,-23.71103345619633],[113.77622184005725,-23.71103345619633],[113.77622184005725,-23.70878417198631],[113.77378085781265,-23.70878417198631],[113.77378085781265,-23.71103345619633]]]}"
100,20000.0,20000.0,20000.0,5306.848394768136,1022.0362663495844,596.4317776456602,0.5806109698454432,-0.5806109698454432,SiL,06/15/2018,2780,100,-23.73915480753937,113.80651473999023,0.6033503763340317,1,1,"{""geodesic"":false,""type"":""Polygon"",""coordinates"":[[[113.80522161984274,-23.740228702930217],[113.80766314877813,-23.740228702930217],[113.80766314877813,-23.737979418720204],[113.80522161984274,-23.737979418720204],[113.80522161984274,-23.740228702930217]]]}"
101,6962.26574588504,3265.7284386520596,9448.712498052862,3683.5045433303912,1474.662962770653,751.9637572044245,-0.06158515059781216,-0.2359678330322516,SiL,06/15/2018,2780,101,-23.669367439783215,113.83346557617188,0.6061402979978919,1,1,"{""geodesic"":false,""type"":""Polygon"",""coordinates"":[[[113.83217172843796,-23.67060926841096],[113.8346119551758,-23.67060926841096],[113.8346119551758,-23.668359984200933],[113.83217172843796,-23.668359984200933],[113.83217172843796,-23.67060926841096]]]}"
102,8000.472793354102,3374.1844755970915,13463.77689511942,3697.6507788161975,912.5909657320868,567.7662512980265,-0.046644019783594795,-0.4102884575695919,SiL,06/15/2018,2780,102,-23.667323553811976,113.84462356567383,0.6709457189825623,1,1,"{""geodesic"":false,""type"":""Polygon"",""coordinates"":[[[113.84340069041804,-23.668363480200657],[113.84584087523261,-23.668363480200657],[113.84584087523261,-23.666114195990634],[113.84340069041804,-23.666114195990634],[113.84340069041804,-23.668363480200657]]]}"
103,20000.0,18312.03835588037,20000.0,4913.278650287671,992.924428549215,610.341419167574,0.5332314998920581,-0.6060889177911329,SiL,06/15/2018,2780,103,-23.851616054112544,113.7883186340332,0.05226847914749044,1,1,"{""geodesic"":false,""type"":""Polygon"",""coordinates"":[[[113.7872542603965,-23.852518113445157],[113.78969790018975,-23.852518113445157],[113.78969790018975,-23.850268829235166],[113.7872542603965,-23.850268829235166],[113.7872542603965,-23.852518113445157]]]}"
104,20000.0,20000.0,20000.0,5368.747420274822,922.5654135338342,578.1701322271191,0.5768261766651798,-0.5768261766651798,SiL,06/15/2018,2780,104,-23.822410622312642,113.7769889831543,0.27742650899677035,1,1,"{""geodesic"":false,""type"":""Polygon"",""coordinates"":[[[113.77602559394953,-23.823322866711273],[113.77846868366586,-23.823322866711273],[113.77846868366586,-23.82107358250127],[113.77602559394953,-23.82107358250127],[113.77602559394953,-23.823322866711273]]]}"
105,3294.3408348457338,3352.7118485869833,12597.883743842362,3900.3725693544193,1173.3683691988585,682.9978221415605,-0.07584729225718205,-0.3585803406400823,SiL,06/15/2018,2780,105,-23.78848638698005,113.79278182983398,0.0699067763571567,1,1,"{""geodesic"":false,""type"":""Polygon"",""coordinates"":[[[113.79174642772615,-23.789636043556786],[113.79418888383381,-23.789636043556786],[113.79418888383381,-23.787386759346784],[113.79174642772615,-23.787386759346784],[113.79174642772615,-23.789636043556786]]]}"
106,16158.713507907698,3632.5932935787755,20000.0,4047.9512574539813,1286.4148301788964,730.0482240082968,-0.05409186074886716,-0.6633641846839766,SiL,06/15/2018,2780,106,-23.69845004493468,113.83758544921875,0.7876308069535856,1,1,"{""geodesic"":false,""type"":""Polygon"",""coordinates"":[[[113.83666303255136,-23.699804515144844],[113.83910380476415,-23.699804515144844],[113.83910380476415,-23.697555230934828],[113.83666303255136,-23.697555230934828],[113.83666303255136,-23.699804515144844]]]}"
107,1538.1795988182246,1965.9090343647963,2440.142383247811,2564.574042398798,1854.2448038148557,946.86430311512,-0.13723886315679806,0.02660380419382184,SiL,06/15/2018,2780,107,-23.76602241357593,113.77973556518555,0.008135805754515668,1,1,"{""geodesic"":false,""type"":""Polygon"",""coordinates"":[[[113.77827190900884,-23.767178161453803],[113.78071394336217,-23.767178161453803],[113.78071394336217,-23.764928877243793],[113.77827190900884,-23.764928877243793],[113.77827190900884,-23.767178161453803]]]}"
108,1471.9586497451364,2062.7763965463423,2090.641631124518,1874.1348174347227,1991.9132944970345,1443.221106834494,0.1642848120071833,-0.1817357231963924,SiL,06/15/2018,2780,108,-23.371016844665103,113.78634452819824,0.710912711453549,1,0,"{""geodesic"":false,""type"":""Polygon"",""coordinates"":[[[113.78501293685642,-23.371919436441235],[113.78744763319985,-23.371919436441235],[113.78744763319985,-23.36967015223116],[113.78501293685642,-23.36967015223116],[113.78501293685642,-23.371919436441235]]]}"
109,4134.207805688189,3443.792453809425,12309.713826032801,3826.6308386962837,1193.7420074735314,684.3421216524807,-0.05267127776860739,-0.35529385303691186,SiL,06/15/2018,2780,109,-23.671882947875535,113.85784149169922,0.7570443627598822,1,1,"{""geodesic"":false,""type"":""Polygon"",""coordinates"":[[[113.85687537782012,-23.672855056621263],[113.85931564648644,-23.672855056621263],[113.85931564648644,-23.670605772411243],[113.85687537782012,-23.670605772411243],[113.85687537782012,-23.672855056621263]]]}"
11,649.2272940685482,1146.7375971620847,1938.2973551045957,2687.794981480515,3948.7372841567085,3307.1154989827323,-0.4017909043630245,0.16216595555914107,SiL,06/15/2018,2780,11,-22.937211111400796,114.05576705932617,0.8139657045303453,0,0,"{""geodesic"":false,""type"":""Polygon"",""coordinates"":[[[114.05451144785229,-22.938482311853587],[114.05693828027084,-22.938482311853587],[114.05693828027084,-22.936233027643436],[114.05451144785229,-22.936233027643436],[114.05451144785229,-22.938482311853587]]]}"
110,12564.886386048684,4206.121035968236,17348.37104894379,3942.47521669175,1163.6639850521617,620.6038822857738,-0.020812818027345126,-0.5584617751971662,SiL,06/15/2018,2780,110,-23.667323553811976,113.84033203125,0.19046028267330373,1,1,"{""geodesic"":false,""type"":""Polygon"",""coordinates"":[[[113.83890911399742,-23.66836348020066],[113.841349298812,-23.66836348020066],[113.841349298812,-23.666114195990634],[113.83890911399742,-23.666114195990634],[113.83890911399742,-23.66836348020066]]]}"
111,20000.0,20000.0,20000.0,5352.448877613772,923.0950184501838,599.0072263222629,0.5777764730902026,-0.5777764730902026,SiL,06/15/2018,2780,111,-23.72328303306439,113.82230758666992,0.3079914074020207,1,1,"{""geodesic"":false,""type"":""Polygon"",""coordinates"":[[[113.82094228432314,-23.724508185458127],[113.82338351877738,-23.724508185458127],[113.82338351877738,-23.72225890124811],[113.82094228432314,-23.72225890124811],[113.82094228432314,-23.724508185458127]]]}"
112,810.579161451815,852.7268460575723,341.00026074259506,226.87703379224044,202.32905715477685,162.51501877346698,0.5651137632050076,-0.19893805223536942,SiL,06/15/2018,2780,112,-23.1842351982221,113.7637710571289,0.8495400158161011,1,1,"{""geodesic"":false,""type"":""Polygon"",""coordinates"":[[[113.76255675466084,-23.18551901498644],[113.76498804581743,-23.18551901498644],[113.76498804581743,-23.18326973077633],[113.76255675466084,-23.18326973077633],[113.76255675466084,-23.18551901498644]]]}"
113,20000.0,20000.0,20000.0,5534.910599460695,940.9884878655888,578.4272972412364,0.5664990436209327,-0.5664990436209327,SiL,06/15/2018,2780,113,-23.745754382285043,113.81338119506836,0.7892520354121831,1,1,"{""geodesic"":false,""type"":""Polygon"",""coordinates"":[[[113.81195892143114,-23.74696606756111],[113.81440057665075,-23.74696606756111],[113.81440057665075,-23.744716783351105],[113.81195892143114,-23.744716783351105],[113.81195892143114,-23.74696606756111]]]}"
114,6865.405033731186,3406.616242864555,9685.23395606296,3763.0115032001363,1190.5271579311532,661.2543677564429,-0.05009656956847434,-0.24679136982174157,SiL,06/15/2018,2780,114,-23.676127757995676,113.8648796081543,0.7075008143446169,1,1,"{""geodesic"":false,""type"":""Polygon"",""coordinates"":[[[113.86361270058094,-23.677346633041857],[113.86605305311974,-23.677346633041857],[113.86605305311974,-23.675097348831837],[113.86361270058094,-23.675097348831837],[113.86361270058094,-23.677346633041857]]]}"
115,20000.0,20000.0,20000.0,5661.711817804527,985.0482984021589,591.9845922390537,0.5587633772673124,-0.5587633772673124,SiL,06/15/2018,2780,115,-23.737112014263403,113.82213592529297,0.7365163661382071,1,1,"{""geodesic"":false,""type"":""Polygon"",""coordinates"":[[[113.82094215832382,-23.73798291471992],[113.82338364517487,-23.73798291471992],[113.82338364517487,-23.73573363050991],[113.82094215832382,-23.73573363050991],[113.82094215832382,-23.73798291471992]]]}"
116,917.9491763238578,1117.3125292314085,857.0652185210204,666.9255313620538,512.137712414904,359.57667723327955,0.4120269666029116,-0.21897251895711306,SiL,06/15/2018,2780,116,-23.503394477778624,113.76359939575195,0.7720589222602053,1,1,"{""geodesic"":false,""type"":""Polygon"",""coordinates"":[[[113.76255383564816,-23.504420940848853],[113.7649909740546,-23.504420940848853],[113.7649909740546,-23.5021716566388],[113.76255383564816,-23.5021716566388],[113.76255383564816,-23.504420940848853]]]}"
117,20000.0,20000.0,20000.0,5505.492989252002,959.705057559059,601.0030552676086,0.568381779706068,-0.568381779706068,SiL,06/15/2018,2780,117,-23.775291236451384,113.80857467651367,0.8303505546753357,1,1,"{""geodesic"":false,""type"":""Polygon"",""coordinates"":[[[113.80746707155618,-23.776161314295003],[113.80990927454873,-23.776161314295003],[113.80990927454873,-23.773912030084997],[113.80746707155618,-23.773912030084997],[113.80746707155618,-23.776161314295003]]]}"
118,744.7375938281903,575.8319954128439,272.9263969974978,262.5187656380316,229.97252919099242,186.93098415346122,0.37362957413906156,-0.019768518981776832,SiL,06/15/2018,2780,118,-23.09473348109471,113.79981994628906,0.07902876170026485,1,1,"{""geodesic"":false,""type"":""Polygon"",""coordinates"":[[[113.79849017898142,-23.095687486574487],[113.80091984165753,-23.095687486574487],[113.80091984165753,-23.093438202364364],[113.79849017898142,-23.093438202364364],[113.79849017898142,-23.095687486574487]]]}"
119,878.3718771188646,1446.0585719501373,2441.7903823084534,2969.189380900222,3809.013143483021,3215.5348667396843,-0.3446016917128833,0.09736007759734415,SiL,06/15/2018,2780,119,-23.047511889973926,114.56525802612305,0.9268565372659747,1,1,"{""geodesic"":false,""type"":""Polygon"",""coordinates"":[[[114.564304383868,-23.048525934158224],[114.56673319485375,-23.048525934158224],[114.56673319485375,-23.046276649948087],[114.564304383868,-23.046276649948087],[114.564304383868,-23.048525934158224]]]}"
12,,,,,,,,,SiL,06/15/2018,2780,12,-23.162141565215087,114.97879028320312,0.38609305053118115,0,-99,"{""geodesic"":false,""type"":""Polygon"",""coordinates"":[[[114.97752838005533,-23.163061132883456],[114.97995926332692,-23.163061132883456],[114.97995926332692,-23.160811848673337],[114.97752838005533,-23.160811848673337],[114.97752838005533,-23.163061132883456]]]}"
120,2951.149626323438,3144.6128295619696,5631.895422462116,3651.7093107743412,1185.5890076811293,658.6842952044843,-0.07501248403907085,-0.07734884212003404,SiL,06/15/2018,2780,120,-23.658518756637875,113.89183044433594,0.11493994212757463,2,1,"{""geodesic"":false,""type"":""Polygon"",""coordinates"":[[[113.89056232652274,-23.659380327359468],[113.89300234369612,-23.659380327359468],[113.89300234369612,-23.65713104314944],[113.89056232652274,-23.65713104314944],[113.89056232652274,-23.659380327359468]]]}"
121,798.3822145157292,1044.8479687887038,1148.7812732226894,1914.956093633886,1228.2558830814958,759.7253529848892,-0.2935288688372628,0.25003810743695953,SiL,06/15/2018,2780,121,-22.481392467003744,114.38149452209473,0.6553343062672258,2,0,"{""geodesic"":false,""type"":""Polygon"",""coordinates"":[[[114.38015476592531,-22.482587305162962],[114.38257353045869,-22.482587305162962],[114.38257353045869,-22.480338020952725],[114.38015476592531,-22.480338020952725],[114.38015476592531,-22.482587305162962]]]}"
122,965.2046967552554,1328.0713424542648,1523.0714997116952,2271.043298212508,1557.1510719714847,1009.0668868270695,-0.2619998888685196,0.1994042037588507,SiL,06/15/2018,2780,122,-22.40960024795938,114.12528991699219,0.5967076481285593,2,0,"{""geodesic"":false,""type"":""Polygon"",""coordinates"":[[[114.12413553543658,-22.4107220824334],[114.12655304702197,-22.4107220824334],[114.12655304702197,-22.408472798223155],[114.12413553543658,-22.408472798223155],[114.12413553543658,-22.4107220824334]]]}"
123,1213.0996553122475,1669.3395174371458,2088.086881589619,2618.213098134632,3022.3590835360915,2213.535786699109,-0.22197286978686723,0.11421774592153529,SiL,06/15/2018,2780,123,-22.445461338383975,114.13867950439453,0.13161997498638878,2,0,"{""geodesic"":false,""type"":""Polygon"",""coordinates"":[[[114.13760995227392,-22.446654693798173],[114.14002808969549,-22.446654693798173],[114.14002808969549,-22.444405409587937],[114.13760995227392,-22.444405409587937],[114.13760995227392,-22.446654693798173]]]}"
124,916.6039039196188,1193.6806216965826,1320.9603328274632,1994.92506148935,1272.679051755717,802.8760793343449,-0.2512078028355875,0.20380896346159377,SiL,06/15/2018,2780,124,-22.495032750149814,114.34982299804688,0.33685841910323633,2,0,"{""geodesic"":false,""type"":""Polygon"",""coordinates"":[[[114.34871361341875,-22.496062034424742],[114.35113261344826,-22.496062034424742],[114.35113261344826,-22.49381275021451],[114.34871361341875,-22.49381275021451],[114.34871361341875,-22.496062034424742]]]}"
125,852.564538611653,1110.9589257503944,1233.6262429142269,1834.257318093113,1208.8278041074245,759.0234178979646,-0.24652224547391707,0.19749599420304811,SiL,06/15/2018,2780,125,-22.490671177909483,114.37231063842773,0.9395438666410747,2,0,"{""geodesic"":false,""type"":""Polygon"",""coordinates"":[[[114.37117153471918,-22.491570458004148],[114.37359045623002,-22.491570458004148],[114.37359045623002,-22.48932117379392],[114.37117153471918,-22.48932117379392],[114.37117153471918,-22.491570458004148]]]}"
126,2921.7701167315176,3326.888560311285,8613.671750972766,3768.1942412451367,1367.5833981841765,763.4196108949419,-0.06232748291916114,-0.20236404925397455,SiL,06/15/2018,2780,126,-23.66527963588429,113.8897705078125,0.2737124438012173,2,1,"{""geodesic"":false,""type"":""Polygon"",""coordinates"":[[[113.88831647555006,-23.66611769199036],[113.89075661844655,-23.66611769199036],[113.89075661844655,-23.66386840778034],[113.88831647555006,-23.66386840778034],[113.88831647555006,-23.66611769199036]]]}"
127,1425.3394568690096,1914.4680511182107,2433.9135782747603,2838.435143769968,2699.9138977635785,1891.808785942492,-0.19399980257600496,0.07672561502409073,SiL,06/15/2018,2780,127,-22.486071552809374,114.12760734558105,0.39613638060382195,2,-99,"{""geodesic"":false,""type"":""Polygon"",""coordinates"":[[[114.12638065898363,-22.487078881583546],[114.12879950199579,-22.487078881583546],[114.12879950199579,-22.48482959737332],[114.12638065898363,-22.48482959737332],[114.12638065898363,-22.487078881583546]]]}"
128,2723.3266175096055,3170.580278325889,3592.6209886800275,3088.0636099283397,165.86140824592368,119.8907467026689,0.013232517572000797,-0.07566324477792705,SiL,06/15/2018,2780,128,-23.64012110672514,113.88736724853516,0.07826261891214925,2,1,"{""geodesic"":false,""type"":""Polygon"",""coordinates"":[[[113.88607091735457,-23.641414021677086],[113.88851059949454,-23.641414021677086],[113.88851059949454,-23.639164737467055],[113.88607091735457,-23.639164737467055],[113.88607091735457,-23.641414021677086]]]}"
129,3215.2025458106036,3078.2335991047703,4487.25709889495,3453.7177227584275,1079.608057070919,637.0984053713804,-0.07063932401919513,-0.03653657666572355,SiL,06/15/2018,2780,129,-23.653801657139486,113.88908386230469,0.18594973224458022,2,1,"{""geodesic"":false,""type"":""Polygon"",""coordinates"":[[[113.88831658014108,-23.65488875093887],[113.89075651352499,-23.65488875093887],[113.89075651352499,-23.65263946672884],[113.88831658014108,-23.65263946672884],[113.88831658014108,-23.65488875093887]]]}"
13,567.838847893359,965.5496310402291,1673.3958581290174,2486.892327223678,3908.3148456716685,3193.3172260572887,-0.44117846343874956,0.19563136763067476,SiL,06/15/2018,2780,13,-23.624630481724264,114.16580200195312,0.39627236758020223,0,0,"{""geodesic"":false,""type"":""Polygon"",""coordinates"":[[[114.1645488016421,-23.625693504204982],[114.1669881909,-23.625693504204982],[114.1669881909,-23.623444219994948],[114.1645488016421,-23.623444219994948],[114.1645488016421,-23.625693504204982]]]}"
130,1377.117000426075,1730.605879846612,2218.0103110353634,2422.1407754580314,2234.096463570515,1609.9815935236468,-0.16654150967264075,0.043999680638387904,SiL,06/15/2018,2780,130,-22.549104816745402,114.41754341125488,0.5362013367536603,2,0,"{""geodesic"":false,""type"":""Polygon"",""coordinates"":[[[114.41608678858115,-22.549960951471917],[114.41850673239276,-22.549960951471917],[114.41850673239276,-22.547711667261694],[114.41608678858115,-22.547711667261694],[114.41608678858115,-22.549960951471917]]]}"
131,1382.2668182530972,1747.186608122942,2267.141994668338,2476.1045946369763,2304.8394229261403,1637.2376509330404,-0.1725666196514544,0.044059719616851414,SiL,06/15/2018,2780,131,-22.548867009429856,114.41059112548828,0.3845296917493076,2,0,"{""geodesic"":false,""type"":""Polygon"",""coordinates"":[[[114.40934942395025,-22.549960951471917],[114.41176936776185,-22.549960951471917],[114.41176936776185,-22.54771166726169],[114.40934942395025,-22.54771166726169],[114.40934942395025,-22.549960951471917]]]}"
132,807.7624908348176,1056.2764219126432,1148.2390803393741,1828.0840054467385,1168.2855347229504,737.4326489996861,-0.26537283198113143,0.22632382670355855,SiL,06/15/2018,2780,132,-22.477030464933303,114.3838119506836,0.5818349646720565,2,0,"{""geodesic"":false,""type"":""Polygon"",""coordinates"":[[[114.38240059330315,-22.47809572874236],[114.38481927937774,-22.47809572874236],[114.38481927937774,-22.47584644453212],[114.38240059330315,-22.47584644453212],[114.38240059330315,-22.47809572874236]]]}"
133,2953.7335929387314,3336.903946002076,6088.359553478711,3652.1490654205604,892.7048286604353,565.6409138110068,-0.04514885547545933,-0.10664594052061581,SiL,06/15/2018,2780,133,-23.667323553811976,113.88496398925781,0.20972881540588428,2,1,"{""geodesic"":false,""type"":""Polygon"",""coordinates"":[[[113.88382487820347,-23.66836348020066],[113.88626506301806,-23.66836348020066],[113.88626506301806,-23.66611419599064],[113.88382487820347,-23.66611419599064],[113.88382487820347,-23.66836348020066]]]}"
134,716.2075638099192,994.6651794978212,1105.5389084872384,1450.6034446980705,772.500363145881,351.113768416684,-0.18599370073602886,0.14845234254760348,SiL,06/15/2018,2780,134,-23.864646462477783,113.70978355407715,0.13733478485807926,2,1,"{""geodesic"":false,""type"":""Polygon"",""coordinates"":[[[113.70865154614675,-23.86599284270695],[113.71109544011927,-23.86599284270695],[113.71109544011927,-23.863743558496964],[113.70865154614675,-23.863743558496964],[113.70865154614675,-23.86599284270695]]]}"
135,2721.617903296065,3144.3999564396695,3542.315013794105,3075.5020328154496,169.10084216640044,120.89828662697835,0.011498999844800155,-0.07099177725631342,SiL,06/15/2018,2780,135,-23.63383071857913,113.87603759765625,0.9913457444064346,2,1,"{""geodesic"":false,""type"":""Polygon"",""coordinates"":[[[113.87484203898,-23.63467665704618],[113.877281595568,-23.63467665704618],[113.877281595568,-23.63242737283615],[113.87484203898,-23.63242737283615],[113.87484203898,-23.63467665704618]]]}"
136,4458.517504622174,3461.178803602314,13931.038050933383,3809.245959324865,1087.1361006739428,626.6968449931412,-0.04792245949803537,-0.4248969419624152,SiL,06/15/2018,2780,136,-23.66307845776478,113.8871955871582,0.5060175900774647,2,1,"{""geodesic"":false,""type"":""Polygon"",""coordinates"":[[[113.88607070826313,-23.663871903780066],[113.88851080924675,-23.663871903780066],[113.88851080924675,-23.66162261957004],[113.88607070826313,-23.66162261957004],[113.88607070826313,-23.663871903780066]]]}"
137,761.3121078558462,943.987088410681,1076.940264454238,1520.219445164635,1595.698055483535,812.3811252268599,-0.22785136788100604,0.17633575193232714,SiL,06/15/2018,2780,137,-23.80215138085162,113.75690460205078,0.26252510350164726,2,1,"{""geodesic"":false,""type"":""Polygon"",""coordinates"":[[[113.75581368990977,-23.803110772818577],[113.75825639932013,-23.803110772818577],[113.75825639932013,-23.800861488608575],[113.75581368990977,-23.800861488608575],[113.75581368990977,-23.803110772818577]]]}"
138,892.004520341537,1158.8077459679669,1274.6964674367991,2005.9920754506395,1238.028126569563,779.2661420838218,-0.2678556643654449,0.2233681717130708,SiL,06/15/2018,2780,138,-22.49281233055203,114.34759140014648,0.891306556559808,2,0,"{""geodesic"":false,""type"":""Polygon"",""coordinates"":[[[114.3464678448084,-22.493816246214443],[114.34888680557609,-22.493816246214443],[114.34888680557609,-22.49156696200421],[114.3464678448084,-22.49156696200421],[114.3464678448084,-22.493816246214443]]]}"
139,1307.119115053706,1671.189333618341,2191.2952492919367,2419.3550472933275,2278.3282744616054,1617.4510233527503,-0.18305205787795212,0.049484367027491656,SiL,06/15/2018,2780,139,-22.546568184251164,114.40835952758789,0.12403845558482929,2,0,"{""geodesic"":false,""type"":""Polygon"",""coordinates"":[[[114.40710365539975,-22.547715163261614],[114.40952355982962,-22.547715163261614],[114.40952355982962,-22.54546587905139],[114.40710365539975,-22.54546587905139],[114.40710365539975,-22.547715163261614]]]}"
14,589.98421875,979.9467187499998,1859.3591666666673,2486.850520833333,3612.2244791666667,3084.935729166666,-0.43437454015893157,0.14436786644780053,SiL,06/15/2018,2780,14,-23.18865348714157,114.81931686401367,0.6276140058451148,0,0,"{""geodesic"":false,""type"":""Polygon"",""coordinates"":[[[114.81807717274836,-23.190010591407038],[114.82050854554319,-23.190010591407038],[114.82050854554319,-23.18776130719693],[114.81807717274836,-23.18776130719693],[114.81807717274836,-23.190010591407038]]]}"
140,959.9621621621618,1222.938996138996,1366.2664092664088,1741.345173745173,1256.210038610038,860.7469755469755,-0.17207427041736026,0.11885760589260531,SiL,06/15/2018,2780,140,-22.494953450063466,114.34081077575684,0.3781292355895993,2,-99,"{""geodesic"":false,""type"":""Polygon"",""coordinates"":[[[114.33973046057756,-22.496062034424742],[114.34214946060706,-22.496062034424742],[114.34214946060706,-22.49381275021451],[114.33973046057756,-22.49381275021451],[114.33973046057756,-22.496062034424742]]]}"
141,888.0685340314134,1151.3117801047117,1290.4881675392671,1779.206439790575,1233.4317801047118,793.9337172774867,-0.21174734015489927,0.15787222990880018,SiL,06/15/2018,2780,141,-22.49487414993166,114.36561584472656,0.029709978196816977,2,0,"{""geodesic"":false,""type"":""Polygon"",""coordinates"":[[[114.36443413089087,-22.496062034424746],[114.36685313092038,-22.496062034424746],[114.36685313092038,-22.49381275021451],[114.36443413089087,-22.49381275021451],[114.36443413089087,-22.496062034424746]]]}"
142,1029.405479260089,1418.3302270179365,1588.6606642376673,2164.8614069506716,1539.4283912556048,952.8247617713001,-0.20611442811913624,0.1530397683241839,SiL,06/15/2018,2780,142,-22.40967959687786,114.13430213928223,0.9554860238628128,2,0,"{""geodesic"":false,""type"":""Polygon"",""coordinates"":[[[114.13311868827779,-22.410722082433395],[114.13553619986318,-22.410722082433395],[114.13553619986318,-22.408472798223148],[114.13311868827779,-22.408472798223148],[114.13311868827779,-22.410722082433395]]]}"
143,2252.094643971124,2721.3685945994107,3122.189109705016,2408.8927011852766,128.94590499955436,97.71375100258437,0.0610035709173267,-0.1292596986116415,SiL,06/15/2018,2780,143,-23.63351619123805,113.88032913208008,0.30831004906353754,2,1,"{""geodesic"":false,""type"":""Polygon"",""coordinates"":[[[113.87933361540061,-23.634676657046175],[113.88177317198858,-23.634676657046175],[113.88177317198858,-23.632427372836144],[113.87933361540061,-23.632427372836144],[113.87933361540061,-23.634676657046175]]]}"
144,1359.832784313726,1732.7826928104582,2225.4490980392175,2442.1343790849683,2274.3893333333335,1614.0082091503277,-0.16990120563080963,0.046428005980603926,SiL,06/15/2018,2780,144,-22.546805995528228,114.41067695617676,0.7869301784917587,2,0,"{""geodesic"":false,""type"":""Polygon"",""coordinates"":[[[114.40934944361004,-22.54771516326161],[114.41176934803993,-22.54771516326161],[114.41176934803993,-22.54546587905139],[114.40934944361004,-22.54546587905139],[114.40934944361004,-22.54771516326161]]]}"
145,16118.33548387097,3911.8720520466263,19049.63941447547,4029.0703171591217,1115.8963946869071,646.0718351856872,-0.03465201261682654,-0.6245998794894699,SiL,06/15/2018,2780,145,-23.653644417559743,113.88736724853516,0.024202848812422073,2,1,"{""geodesic"":false,""type"":""Polygon"",""coordinates"":[[[113.88607079193079,-23.65488875093887],[113.88851072531469,-23.65488875093887],[113.88851072531469,-23.652639466728843],[113.88607079193079,-23.652639466728843],[113.88607079193079,-23.65488875093887]]]}"
146,842.6645735217165,1094.4026687598123,1198.3613814756675,1866.6559392987965,1201.1124542124542,762.1827315541606,-0.2577672789152389,0.21549683035868047,SiL,06/15/2018,2780,146,-22.49273302919311,114.36784744262695,0.7503225880469772,2,0,"{""geodesic"":false,""type"":""Polygon"",""coordinates"":[[[114.36667993870113,-22.493816246214443],[114.3690988994688,-22.493816246214443],[114.3690988994688,-22.49156696200421],[114.36667993870113,-22.49156696200421],[114.36667993870113,-22.493816246214443]]]}"
147,1089.918860114625,1460.9731479516029,1768.356240713225,2539.036191891318,2554.6717257482496,1719.8828804924642,-0.2724331452577464,0.18630013389348093,SiL,06/15/2018,2780,147,-22.40745781003171,114.14108276367188,0.6051965645227791,2,0,"{""geodesic"":false,""type"":""Polygon"",""coordinates"":[[[114.1398560724141,-22.4084762942231],[114.14227354492708,-22.4084762942231],[114.14227354492708,-22.406227010012852],[114.1398560724141,-22.406227010012852],[114.1398560724141,-22.4084762942231]]]}"
148,2610.259947814742,3014.3134377038496,3486.4797782126557,3531.627658186563,1367.2590345727344,729.8993476842793,-0.07909774704559304,0.006462004291224642,SiL,06/15/2018,2780,148,-23.678485926260755,113.88736724853516,0.2508711724767776,2,1,"{""geodesic"":false,""type"":""Polygon"",""coordinates"":[[[113.88607056174504,-23.679592421252156],[113.88851095622788,-23.679592421252156],[113.88851095622788,-23.677343137042126],[113.88607056174504,-23.677343137042126],[113.88607056174504,-23.679592421252156]]]}"
149,2115.4523636363647,2522.4587532467535,2968.842649350651,3078.0611428571447,1550.211740259741,779.6091428571435,-0.09935661571074934,0.018129511941423395,SiL,06/15/2018,2780,149,-23.6558457544758,113.83157730102539,0.5421241099952087,2,1,"{""geodesic"":false,""type"":""Polygon"",""coordinates"":[[[113.82992606576019,-23.657134539149165],[113.83236604103622,-23.657134539149165],[113.83236604103622,-23.654885254939135],[113.82992606576019,-23.654885254939135],[113.82992606576019,-23.657134539149165]]]}"
15,959.2937699429822,1281.0817073808648,1971.579484228695,2579.708688601767,3327.399905842965,2826.8225139927795,-0.33620965510134826,0.13366569029484682,SiL,06/15/2018,2780,15,-22.609415358990397,114.34776306152344,0.7246348348186813,0,0,"{""geodesic"":false,""type"":""Polygon"",""coordinates"":[[[114.3464668223032,-22.610597233149974],[114.34888783131228,-22.610597233149974],[114.34888783131228,-22.608347948939763],[114.3464668223032,-22.608347948939763],[114.3464668223032,-22.610597233149974]]]}"
150,1380.6695555378863,1742.2857597201241,2252.0966844239483,2452.0329967400803,2303.598234873181,1648.9364713365662,-0.1692008972629692,0.0425013034110962,SiL,06/15/2018,2780,150,-22.548946278580562,114.41290855407715,0.33649582709459724,2,0,"{""geodesic"":false,""type"":""Polygon"",""coordinates"":[[[114.41159521216058,-22.549960951471917],[114.41401515597217,-22.549960951471917],[114.41401515597217,-22.547711667261694],[114.41159521216058,-22.547711667261694],[114.41159521216058,-22.549960951471917]]]}"
151,3261.5642516088838,3401.4053871704364,10361.304027402946,3703.4131720988144,858.7785447373882,540.7941145941454,-0.04256908417868157,-0.2836977080133714,SiL,06/15/2018,2780,151,-23.667480776944334,113.88273239135742,0.6098188664421079,2,1,"{""geodesic"":false,""type"":""Polygon"",""coordinates"":[[[113.88157908999317,-23.66836348020066],[113.88401927480776,-23.66836348020066],[113.88401927480776,-23.666114195990637],[113.88157908999317,-23.666114195990637],[113.88157908999317,-23.66836348020066]]]}"
152,3970.990616729485,3372.8772956933167,10120.24917796134,3211.826048600527,165.3507899590985,119.77552329777839,0.024337774657509935,-0.33100674171523553,SiL,06/15/2018,2780,152,-23.642008164226905,113.88736724853516,0.8920738681284943,2,1,"{""geodesic"":false,""type"":""Polygon"",""coordinates"":[[[113.88607089645708,-23.64365980988737],[113.88851062045806,-23.64365980988737],[113.88851062045806,-23.64141052567734],[113.88607089645708,-23.64141052567734],[113.88607089645708,-23.64365980988737]]]}"
153,831.868959740328,1083.7996439976966,1173.5376158316324,1785.7659808386998,1169.3682529710484,755.5634259986389,-0.2437374634274092,0.20621629205569786,SiL,06/15/2018,2780,153,-22.474571821398893,114.38355445861816,0.8987660105866236,2,0,"{""geodesic"":false,""type"":""Polygon"",""coordinates"":[[[114.38240061288316,-22.475849940532054],[114.38481925973585,-22.475849940532054],[114.38481925973585,-22.47360065632183],[114.38240061288316,-22.47360065632183],[114.38240061288316,-22.475849940532054]]]}"
154,3137.3033755572833,3409.3603425093743,12194.215129856339,3765.729460052366,954.2603495860161,581.8307267709289,-0.04970196825210176,-0.3551099622993506,SiL,06/15/2018,2780,154,-23.66056278025263,113.8871955871582,0.6085528594017023,2,1,"{""geodesic"":false,""type"":""Polygon"",""coordinates"":[[[113.88607072918394,-23.661626115569767],[113.88851078825984,-23.661626115569767],[113.88851078825984,-23.65937683135974],[113.88607072918394,-23.65937683135974],[113.88607072918394,-23.661626115569767]]]}"
155,1432.9119804400973,1996.281872162068,2233.672371638142,2473.5720107113757,1216.843287926417,585.5430201420421,-0.1075920002697766,0.0509057529561954,SiL,06/15/2018,2780,155,-23.869512905297253,113.70532035827637,0.5221435059069237,2,1,"{""geodesic"":false,""type"":""Polygon"",""coordinates"":[[[113.70415992740891,-23.870484419127543],[113.70660390614965,-23.870484419127543],[113.70660390614965,-23.86823513491756],[113.70415992740891,-23.86823513491756],[113.70415992740891,-23.870484419127543]]]}"
156,844.2432607289195,1094.1166702609444,1213.0951045934871,1830.108043993962,1166.6907483286611,751.7392710804401,-0.24712381710029888,0.19877104795733375,SiL,06/15/2018,2780,156,-22.49725313411411,114.35874938964844,0.6016891552361903,2,-99,"{""geodesic"":false,""type"":""Polygon"",""coordinates"":[[[114.35769674665752,-22.49830782263504],[114.36011578595387,-22.49830782263504],[114.36011578595387,-22.496058538424812],[114.35769674665752,-22.496058538424812],[114.35769674665752,-22.49830782263504]]]}"
157,2622.276736672053,3070.855142703285,3477.506031233172,2821.9067851373193,139.16144318793766,100.58099084544968,0.04242381632972571,-0.1040571427178821,SiL,06/15/2018,2780,157,-23.631157212097552,113.87826919555664,0.8631242283901173,2,1,"{""geodesic"":false,""type"":""Polygon"",""coordinates"":[[[113.87708784807747,-23.632430868835883],[113.87952736282514,-23.632430868835883],[113.87952736282514,-23.630181584625852],[113.87708784807747,-23.630181584625852],[113.87708784807747,-23.632430868835883]]]}"
158,825.6179810560467,1064.028363598304,1181.115547647705,1914.8154796169333,1239.8379297713116,775.7082526558162,-0.28570800926173623,0.23735902302573497,SiL,06/15/2018,2780,158,-22.495032750149814,114.36338424682617,0.42360655161096017,2,0,"{""geodesic"":false,""type"":""Polygon"",""coordinates"":[[[114.36218834268057,-22.496062034424742],[114.36460734271007,-22.496062034424742],[114.36460734271007,-22.493812750214513],[114.36218834268057,-22.493812750214513],[114.36218834268057,-22.496062034424742]]]}"
159,2508.226267011771,2958.615930533522,3354.9482341153857,2627.7490189529926,138.9060699674376,105.2937296484929,0.05992966489020482,-0.12245104126767255,SiL,06/15/2018,2780,159,-23.63367345500303,113.8784408569336,0.37485359844733646,2,1,"{""geodesic"":false,""type"":""Polygon"",""coordinates"":[[[113.87708782719031,-23.634676657046178],[113.87952738377828,-23.634676657046178],[113.87952738377828,-23.63242737283615],[113.87708782719031,-23.63242737283615],[113.87708782719031,-23.634676657046178]]]}"
16,542.2594270793331,907.438291989862,1684.9003148759682,2328.720221181168,3920.3376084786096,3258.9696643882958,-0.43902829057629,0.16069536748509156,SiL,06/15/2018,2780,16,-23.6874465774859,114.29394721984863,0.055924904981818124,0,0,"{""geodesic"":false,""type"":""Polygon"",""coordinates"":[[[114.29255814402818,-23.68857557409335],[114.29499870633907,-23.68857557409335],[114.29499870633907,-23.68632628988333],[114.29255814402818,-23.68632628988333],[114.29255814402818,-23.68857557409335]]]}"
160,481.1898885143893,577.753694581281,564.8463054187193,863.7903551983411,690.0741508944777,273.5022556390978,-0.19630160111370135,0.21036466132626808,SiL,06/15/2018,2780,160,-23.86496043204928,113.71218681335449,0.30439360770614454,2,1,"{""geodesic"":false,""type"":""Polygon"",""coordinates"":[[[113.71089733435706,-23.865992842706955],[113.71334122832957,-23.865992842706955],[113.71334122832957,-23.863743558496964],[113.71089733435706,-23.863743558496964],[113.71089733435706,-23.865992842706955]]]}"
161,2309.336389452332,2732.9547261663274,3213.3125354969557,3310.339878296145,1087.0618255578088,625.6023529411764,-0.09583907153474897,0.014966338077558542,SiL,06/15/2018,2780,161,-23.654116135731908,113.89148712158203,0.07540162296688735,2,1,"{""geodesic"":false,""type"":""Polygon"",""coordinates"":[[[113.89056236835138,-23.65488875093887],[113.89300230173528,-23.65488875093887],[113.89300230173528,-23.652639466728843],[113.89056236835138,-23.652639466728843],[113.89056236835138,-23.65488875093887]]]}"
162,2953.8756425567285,3128.6382470533276,4296.820707201829,3595.698219014489,1146.3125811309005,674.3569759592918,-0.06984712343235706,-0.02395989697302719,SiL,06/15/2018,2780,162,-23.656160228153805,113.8901138305664,0.9203067549846149,2,1,"{""geodesic"":false,""type"":""Polygon"",""coordinates"":[[[113.88831655922806,-23.657134539149165],[113.8907565345041,-23.657134539149165],[113.8907565345041,-23.654885254939142],[113.88831655922806,-23.654885254939142],[113.88831655922806,-23.657134539149165]]]}"
163,2563.99933683338,2983.828295109147,3465.768444321636,3514.1115225200338,1288.197568389058,689.5777286543245,-0.0817391397731624,0.006963470446519023,SiL,06/15/2018,2780,163,-23.678643135965196,113.8897705078125,0.0568371068284097,2,1,"{""geodesic"":false,""type"":""Polygon"",""coordinates"":[[[113.88831634995533,-23.679592421252153],[113.89075674443819,-23.679592421252153],[113.89075674443819,-23.677343137042126],[113.88831634995533,-23.677343137042126],[113.88831634995533,-23.679592421252153]]]}"
164,769.3957700764319,985.3408543607993,1053.4596377342684,1988.111244895823,1085.6278400167523,687.9885875824524,-0.33712792891177557,0.307396107629512,SiL,06/15/2018,2780,164,-22.472589012561954,114.38587188720703,0.14299924965574518,2,0,"{""geodesic"":false,""type"":""Polygon"",""coordinates"":[[[114.38464642067098,-22.47360415232176],[114.38706502830672,-22.47360415232176],[114.38706502830672,-22.471354868111526],[114.38464642067098,-22.471354868111526],[114.38464642067098,-22.47360415232176]]]}"
165,970.2300688270716,1104.412388872956,718.1816030972182,641.5403642099224,576.7889303125893,404.005090335532,0.35905203475792113,-0.0899792444258194,SiL,06/15/2018,2780,165,-22.717210990351813,113.69399070739746,0.20169856146187704,2,1,"{""geodesic"":false,""type"":""Polygon"",""coordinates"":[[[113.6929415032526,-22.718395067244316],[113.69536441496822,-22.718395067244316],[113.69536441496822,-22.716145783034126],[113.6929415032526,-22.716145783034126],[113.6929415032526,-22.718395067244316]]]}"
166,1345.3974151012505,1707.618701271519,2192.956360211397,2397.106744806657,2255.963633509499,1617.8631154832299,-0.16795226866182503,0.04447690035608435,SiL,06/15/2018,2780,166,-22.546647454722383,114.41531181335449,0.4902727554405182,2,0,"{""geodesic"":false,""type"":""Polygon"",""coordinates"":[[[114.41384102003066,-22.547715163261614],[114.41626092446053,-22.547715163261614],[114.41626092446053,-22.54546587905139],[114.41384102003066,-22.54546587905139],[114.41384102003066,-22.547715163261614]]]}"
167,3055.874574071066,3300.8006652604226,4593.431445724481,3638.6076586078193,943.3326302125582,576.1331332143434,-0.048752980774936124,-0.04390410998755756,SiL,06/15/2018,2780,167,-23.669681880942303,113.88496398925781,0.9125634330411923,2,1,"{""geodesic"":false,""type"":""Polygon"",""coordinates"":[[[113.88382485727492,-23.670609268410963],[113.88626508401275,-23.670609268410963],[113.88626508401275,-23.66835998420094],[113.88382485727492,-23.66835998420094],[113.88382485727492,-23.670609268410963]]]}"
168,1058.77626069543,1527.590387766247,1654.516202439467,1765.1455488803929,328.89286364463845,175.88057527762595,-0.09603991656761446,0.05761508240761059,SiL,06/15/2018,2780,168,-23.869591394811795,113.70755195617676,0.29448719050856975,2,1,"{""geodesic"":false,""type"":""Polygon"",""coordinates"":[[[113.70640571561923,-23.870484419127543],[113.70884969435996,-23.870484419127543],[113.70884969435996,-23.868235134917555],[113.70640571561923,-23.868235134917555],[113.70640571561923,-23.870484419127543]]]}"
169,2726.0888696000525,3107.5775522467766,3530.498831541695,3532.89083261,1150.692395005675,666.3746411163783,-0.06409627764398637,3.5433605898024735E-4,SiL,06/15/2018,2780,169,-23.669681880942303,113.8871955871582,0.9398370619792803,2,1,"{""geodesic"":false,""type"":""Polygon"",""coordinates"":[[[113.8860706454852,-23.670609268410963],[113.88851087222307,-23.670609268410963],[113.88851087222307,-23.668359984200936],[113.8860706454852,-23.668359984200936],[113.8860706454852,-23.670609268410963]]]}"
17,523.3347160866285,783.4733864885253,1158.2387673742064,1805.7711453507168,2906.6663613834717,2246.6039219911654,-0.39331566669552526,0.21939263155013858,SiL,06/15/2018,2780,17,-23.177607491244775,113.92993927001953,0.41655084139419973,0,0,"{""geodesic"":false,""type"":""Polygon"",""coordinates"":[[[113.9287451433362,-23.178781650355557],[113.93117631207372,-23.178781650355557],[113.93117631207372,-23.176532366145445],[113.9287451433362,-23.176532366145445],[113.9287451433362,-23.178781650355557]]]}"
170,917.0146004500502,1161.1614422523423,1279.323774137841,2017.6753885603641,1280.8899471453249,843.7038568213934,-0.26905340042548714,0.22396451805219178,SiL,06/15/2018,2780,170,-22.492653727788742,114.33188438415527,0.8473844927872264,2,0,"{""geodesic"":false,""type"":""Polygon"",""coordinates"":[[[114.33074732733628,-22.493816246214443],[114.33316628810397,-22.493816246214443],[114.33316628810397,-22.491566962004207],[114.33074732733628,-22.491566962004207],[114.33074732733628,-22.493816246214443]]]}"
171,3063.015303211081,3432.191004824402,12197.414276080299,3772.1517871038022,1088.6035171447838,625.3047154640244,-0.047211560716034405,-0.35469801589220756,SiL,06/15/2018,2780,171,-23.66543686147477,113.8871955871582,0.41371440519366776,2,1,"{""geodesic"":false,""type"":""Polygon"",""coordinates"":[[[113.88607068733975,-23.66611769199036],[113.88851083023624,-23.66611769199036],[113.88851083023624,-23.66386840778034],[113.88607068733975,-23.66386840778034],[113.88607068733975,-23.66611769199036]]]}"
172,1420.1590935844613,1899.1128310771037,2441.8127133608,2997.89941141848,3005.6427898763977,2154.7888169511484,-0.22346795106211909,0.10268300102220332,SiL,06/15/2018,2780,172,-22.508750980898704,114.14116859436035,0.6545701435218882,2,0,"{""geodesic"":false,""type"":""Polygon"",""coordinates"":[[[114.13985519220859,-22.50953676368653],[114.1422744279139,-22.50953676368653],[114.1422744279139,-22.507287479476307],[114.13985519220859,-22.507287479476307],[114.13985519220859,-22.50953676368653]]]}"
173,2345.146562905319,2821.0193514915704,3229.222827496758,2547.3407522697803,133.29613488975366,102.41130998702985,0.051519790179360106,-0.11862826800064742,SiL,06/15/2018,2780,173,-23.631314478695714,113.88307571411133,0.26989163589063137,2,1,"{""geodesic"":false,""type"":""Polygon"",""coordinates"":[[[113.88157942449806,-23.632430868835883],[113.88401893924575,-23.632430868835883],[113.88401893924575,-23.630181584625856],[113.88157942449806,-23.630181584625856],[113.88157942449806,-23.632430868835883]]]}"
174,3877.703886967928,3144.728985334447,6159.563371885062,3568.1320496005724,923.1800405389297,564.186300226541,-0.06415149047685928,-0.10614444815125466,SiL,06/15/2018,2780,174,-23.651285801183374,113.8897705078125,0.6259340794952729,2,1,"{""geodesic"":false,""type"":""Polygon"",""coordinates"":[[[113.88831660105153,-23.65264296272857],[113.89075649254848,-23.65264296272857],[113.89075649254848,-23.650393678518544],[113.88831660105153,-23.650393678518544],[113.88831660105153,-23.65264296272857]]]}"
175,1358.787279803358,1723.0743547726331,2210.1549569848403,2407.8841663252747,2266.614297419089,1623.1025194592364,-0.16575950683552784,0.042818538469564696,SiL,06/15/2018,2780,175,-22.549025547685762,114.41505432128906,0.12538546203389045,2,0,"{""geodesic"":false,""type"":""Polygon"",""coordinates"":[[[114.41384100037087,-22.549960951471913],[114.41626094418245,-22.549960951471913],[114.41626094418245,-22.54771166726169],[114.41384100037087,-22.54771166726169],[114.41384100037087,-22.549960951471913]]]}"
176,1367.2203274572375,1729.4108385206891,2221.7290892922542,2424.85630590574,2278.881623685725,1637.7691583407448,-0.16741894192950205,0.043718920268093195,SiL,06/15/2018,2780,176,-22.546805995528228,114.41299438476562,0.4864721255056291,2,0,"{""geodesic"":false,""type"":""Polygon"",""coordinates"":[[[114.41159523182039,-22.547715163261614],[114.41401513625024,-22.547715163261614],[114.41401513625024,-22.54546587905139],[114.41159523182039,-22.54546587905139],[114.41159523182039,-22.547715163261614]]]}"
177,6291.651595054892,3491.365349701735,16817.585717990823,3804.8090256764913,942.5348837209294,577.4696982795881,-0.043015823695778777,-0.5470442047517136,SiL,06/15/2018,2780,177,-23.669681880942303,113.88273239135742,0.031063893576447565,2,1,"{""geodesic"":false,""type"":""Polygon"",""coordinates"":[[[113.88157906906461,-23.670609268410963],[113.88401929580246,-23.670609268410963],[113.88401929580246,-23.668359984200936],[113.88157906906461,-23.668359984200936],[113.88157906906461,-23.670609268410963]]]}"
178,16093.365335687213,5923.603821589904,20000.0,4050.792927981722,748.2705747961987,436.7134326808244,0.05208964689647576,-0.6631926104482697,SiL,06/15/2018,2780,178,-23.647040184548583,113.8871955871582,0.984709618093439,2,1,"{""geodesic"":false,""type"":""Polygon"",""coordinates"":[[[113.88607085465433,-23.648151386307973],[113.88851066239293,-23.648151386307973],[113.88851066239293,-23.64590210209794],[113.88607085465433,-23.64590210209794],[113.88607085465433,-23.648151386307973]]]}"
179,519.3166901445192,824.9349402619084,1444.7271351802578,1922.661292847081,2635.566755360776,2233.2480826420415,-0.39757297290032206,0.14186620056593832,SiL,06/15/2018,2780,179,-22.903692194473077,114.44646835327148,0.4308097024398516,2,0,"{""geodesic"":false,""type"":""Polygon"",""coordinates"":[[[114.44527889759468,-22.90479548869911],[114.44770512676213,-22.90479548869911],[114.44770512676213,-22.90254620448895],[114.44527889759468,-22.90254620448895],[114.44527889759468,-22.90479548869911]]]}"
18,556.3595534787129,917.8059190031158,1618.7846832814132,2280.008670820354,3901.6603322949145,3181.6707165109046,-0.4254557515727667,0.17026807687201131,SiL,06/15/2018,2780,18,-23.716682320304486,114.39488410949707,0.2865666296588726,0,0,"{""geodesic"":false,""type"":""Polygon"",""coordinates"":[[[114.39361834091493,-23.717770820827237],[114.39605944924095,-23.717770820827237],[114.39605944924095,-23.715521536617217],[114.39361834091493,-23.715521536617217],[114.39361834091493,-23.717770820827237]]]}"
180,787.8782836211408,1029.8455782312928,1128.3447409733128,1837.7214547357412,1171.6127158555732,741.5430664573524,-0.2813586569453847,0.23904195333911302,SiL,06/15/2018,2780,180,-22.486071552809374,114.37471389770508,0.14011776981061386,2,0,"{""geodesic"":false,""type"":""Polygon"",""coordinates"":[[[114.37341736211692,-22.48707888158355],[114.37583620512906,-22.48707888158355],[114.37583620512906,-22.48482959737332],[114.37341736211692,-22.48482959737332],[114.37341736211692,-22.48707888158355]]]}"
181,2907.267429820524,3311.276921306948,5654.454268292683,3714.458812701333,1132.6756787850893,659.7506327657615,-0.05759590286354338,-0.08105947753183769,SiL,06/15/2018,2780,181,-23.66056278025263,113.88959884643555,0.31844744202378805,2,1,"{""geodesic"":false,""type"":""Polygon"",""coordinates"":[[[113.88831651739423,-23.661626115569764],[113.89075657647012,-23.661626115569764],[113.89075657647012,-23.659376831359737],[113.88831651739423,-23.659376831359737],[113.88831651739423,-23.661626115569764]]]}"
182,4208.7563217197185,3329.3001713484605,9740.4034996625,3720.812451321462,815.7922010488605,522.4597331117922,-0.05579060946856205,-0.2533628473622739,SiL,06/15/2018,2780,182,-23.649556122147732,113.8897705078125,0.7076305005027435,2,1,"{""geodesic"":false,""type"":""Polygon"",""coordinates"":[[[113.88831662195938,-23.650397174518275],[113.89075647157455,-23.650397174518275],[113.89075647157455,-23.64814789030825],[113.88831662195938,-23.64814789030825],[113.88831662195938,-23.650397174518275]]]}"
183,3987.0734140385525,3441.2338546266965,12582.73559515769,3739.6741829895564,858.2126045617503,546.9097521691697,-0.041588357583447706,-0.3743267803756811,SiL,06/15/2018,2780,183,-23.662764000722603,113.88513565063477,0.8144709160982051,2,1,"{""geodesic"":false,""type"":""Polygon"",""coordinates"":[[[113.88382492005285,-23.663871903780066],[113.88626502103644,-23.663871903780066],[113.88626502103644,-23.66162261957004],[113.88382492005285,-23.66162261957004],[113.88382492005285,-23.663871903780066]]]}"
184,2682.3285454702773,3146.010037206887,6593.898416544082,3123.9201349831264,161.62005710824604,113.4264082374318,0.004351031974416803,-0.19283569043943685,SiL,06/15/2018,2780,184,-23.63367345500303,113.88513565063477,0.42991385481265454,2,1,"{""geodesic"":false,""type"":""Polygon"",""coordinates"":[[[113.88382519182122,-23.634676657046178],[113.8862647484092,-23.634676657046178],[113.8862647484092,-23.632427372836148],[113.88382519182122,-23.632427372836148],[113.88382519182122,-23.634676657046178]]]}"
185,18713.4595276873,5715.70301302932,19875.63371335505,4130.984853420197,957.2656351791537,557.211074918567,0.042220836801654255,-0.6524486280473474,SiL,06/15/2018,2780,185,-23.651914769708394,113.88702392578125,0.5470792980448114,2,1,"{""geodesic"":false,""type"":""Polygon"",""coordinates"":[[[113.88607081284123,-23.65264296272857],[113.88851070433817,-23.65264296272857],[113.88851070433817,-23.650393678518544],[113.88607081284123,-23.650393678518544],[113.88607081284123,-23.65264296272857]]]}"
186,1068.6354242204497,1427.7643219724441,1739.514140681654,2320.2639593908634,2886.3428208846994,1983.0279187817266,-0.23845345723491435,0.1446424140715538,SiL,06/15/2018,2780,186,-22.44086021221438,114.1409969329834,0.3767894625334858,2,-99,"{""geodesic"":false,""type"":""Polygon"",""coordinates"":[[[114.1398557795721,-22.442163117377582],[114.1422738386944,-22.442163117377582],[114.1422738386944,-22.439913833167342],[114.1398557795721,-22.439913833167342],[114.1398557795721,-22.442163117377582]]]}"
187,2730.622729631552,3185.6708354955895,4562.183238194086,3253.329631551635,182.9266735858848,129.14883238194085,-0.010240734911082447,-0.09316421523678965,SiL,06/15/2018,2780,187,-23.63839128011605,113.88753890991211,0.5394920877115824,2,1,"{""geodesic"":false,""type"":""Polygon"",""coordinates"":[[[113.88607093824947,-23.63916823346678],[113.8885105785336,-23.63916823346678],[113.8885105785336,-23.636918949256753],[113.88607093824947,-23.636918949256753],[113.88607093824947,-23.63916823346678]]]}"
188,1028.0578178427104,1375.8835871930369,1643.5587503885608,2174.6861983214176,2516.7394052429804,1354.4553414153975,-0.22403502146659512,0.14196970145785726,SiL,06/15/2018,2780,188,-23.79963838638044,113.75930786132812,0.23693970759217542,2,1,"{""geodesic"":false,""type"":""Polygon"",""coordinates"":[[[113.75805949920185,-23.80086498460828],[113.76050216638208,-23.80086498460828],[113.76050216638208,-23.79861570039828],[113.75805949920185,-23.79861570039828],[113.75805949920185,-23.80086498460828]]]}"
189,2473.718474312403,2946.975973015049,3375.4563051375194,2702.0784120394405,134.94696419304623,100.59180072651793,0.043706181944733025,-0.1111672337393997,SiL,06/15/2018,2780,189,-23.631629011325433,113.88050079345703,0.19459586776565452,2,1,"{""geodesic"":false,""type"":""Polygon"",""coordinates"":[[[113.87933363628777,-23.632430868835883],[113.88177315103545,-23.632430868835883],[113.88177315103545,-23.630181584625852],[113.87933363628777,-23.630181584625852],[113.87933363628777,-23.632430868835883]]]}"
19,520.4656407535155,926.4828867073495,1760.314141682144,2533.671743167949,3898.9901830724334,3204.0280711063942,-0.46425664976432174,0.18218528095280945,SiL,06/15/2018,2780,19,-23.887407283127356,114.84626770019531,0.42718150431295254,0,0,"{""geodesic"":false,""type"":""Polygon"",""coordinates"":[[[114.84502016886934,-23.888450724809935],[114.84746448689197,-23.888450724809935],[114.84746448689197,-23.88620144059995],[114.84502016886934,-23.88620144059995],[114.84502016886934,-23.888450724809935]]]}"
190,6673.264511909304,3614.561345179048,14877.442524663431,3733.982667466071,454.24510819207507,264.8887556548754,-0.030629822460178854,-0.475182566691128,SiL,06/15/2018,2780,190,-23.644524198573677,113.88736724853516,0.12379808782652257,2,1,"{""geodesic"":false,""type"":""Polygon"",""coordinates"":[[[113.88607087555701,-23.645905598097674],[113.8885106414242,-23.645905598097674],[113.8885106414242,-23.643656313887647],[113.88607087555701,-23.643656313887647],[113.88607087555701,-23.645905598097674]]]}"
2,563.9333575732389,845.4118533139414,1266.9694577186788,2011.8420423852067,3171.605028049034,2450.0434240598374,-0.40850252249343744,0.22766376162250376,SiL,06/15/2018,2780,2,-23.496703968990605,113.8399887084961,0.7806562161999522,0,0,"{""geodesic"":false,""type"":""Polygon"",""coordinates"":[[[113.83891069700292,-23.497683576217963],[113.84134771080386,-23.497683576217963],[113.84134771080386,-23.495434292007907],[113.83891069700292,-23.495434292007907],[113.83891069700292,-23.497683576217963]]]}"
20,546.999689296256,906.840142923722,1613.2770441717153,2318.706022474238,3953.0420485733507,3310.4188286468843,-0.43748233410362464,0.18016948813384467,SiL,06/15/2018,2780,20,-23.93464282219978,114.03319358825684,0.15096934158311448,0,0,"{""geodesic"":false,""type"":""Polygon"",""coordinates"":[[[114.03204439133981,-23.935612277226202],[114.03448960156999,-23.935612277226202],[114.03448960156999,-23.933362993016228],[114.03204439133981,-23.933362993016228],[114.03204439133981,-23.935612277226202]]]}"
21,867.9410200250318,1471.8213913224874,2477.901908635795,3155.8908010012537,4473.429443053821,3808.1076345431798,-0.36419170118516964,0.12110845775268861,SiL,06/15/2018,2780,21,-23.14414834261145,114.36321258544922,0.6042219840710452,0,0,"{""geodesic"":false,""type"":""Polygon"",""coordinates"":[[[114.36218257314565,-23.145094827201056],[114.36461313047657,-23.145094827201056],[114.36461313047657,-23.142845542990948],[114.36218257314565,-23.142845542990948],[114.36218257314565,-23.145094827201056]]]}"
22,738.1403508771931,1356.5235046072162,2416.1187464209497,3224.1861627362196,4535.794471341559,3806.6471445676552,-0.4078297747451365,0.1440192683868208,SiL,06/15/2018,2780,22,-23.339418795099284,114.22639846801758,0.6459096936394515,0,0,"{""geodesic"":false,""type"":""Polygon"",""coordinates"":[[[114.22518771404285,-23.340478401497048],[114.227621833542,-23.340478401497048],[114.227621833542,-23.338229117286968],[114.22518771404285,-23.338229117286968],[114.22518771404285,-23.340478401497048]]]}"
23,1204.2761560996023,1547.1299435028243,2102.9465369324116,2699.4068842854144,2855.3873195229116,2388.3204122201278,-0.27133248317088837,0.12427941228240191,SiL,06/15/2018,2780,23,-22.575815895599785,114.31368827819824,0.8893185514401094,0,0,"{""geodesic"":false,""type"":""Polygon"",""coordinates"":[[[114.31278029479495,-22.576910409995495],[114.31520071157723,-22.576910409995495],[114.31520071157723,-22.57466112578528],[114.31278029479495,-22.57466112578528],[114.31278029479495,-22.576910409995495]]]}"
24,1104.3026063319473,1442.4843300287816,2072.078349856092,2675.3522545570836,3313.8042852574363,2832.57187400064,-0.2990458806729995,0.12689581568865835,SiL,06/15/2018,2780,24,-22.92606541068313,114.39024925231934,0.3417869669899808,0,0,"{""geodesic"":false,""type"":""Polygon"",""coordinates"":[[[114.3891339916338,-22.927253370802088],[114.3915606228421,-22.927253370802088],[114.3915606228421,-22.925004086591933],[114.3891339916338,-22.925004086591933],[114.3891339916338,-22.927253370802088]]]}"
25,518.5605926696126,881.8467377177014,1557.152170522484,2343.1651156745506,3700.2201715622527,3083.2839095399,-0.4523553964815058,0.205012492013439,SiL,06/15/2018,2780,25,-23.465135930082038,114.12760734558105,0.7650681027317996,0,0,"{""geodesic"":false,""type"":""Polygon"",""coordinates"":[[[114.12637187790274,-23.466242541273783],[114.12880831082512,-23.466242541273783],[114.12880831082512,-23.463993257063724],[114.12637187790274,-23.463993257063724],[114.12637187790274,-23.466242541273783]]]}"
26,846.5291234291075,1208.292068623872,1869.770297752516,2630.0839025916453,3306.0994420399425,2830.0259686082272,-0.370575721155079,0.16954494120018637,SiL,06/15/2018,2780,26,-23.020419119323698,114.31634902954102,0.1926023472854913,0,0,"{""geodesic"":false,""type"":""Polygon"",""coordinates"":[[[114.31502213497818,-23.02157647563464],[114.31745046029026,-23.02157647563464],[114.31745046029026,-23.0193271914245],[114.31502213497818,-23.0193271914245],[114.31502213497818,-23.02157647563464]]]}"
27,584.9081897446542,1047.177496367034,1974.3398380734902,2849.136599543286,4586.475607224417,3892.2936993979674,-0.4623498656492004,0.18137441009956948,SiL,06/15/2018,2780,27,-23.74355456118827,114.14992332458496,0.5612307806052761,0,0,"{""geodesic"":false,""type"":""Polygon"",""coordinates"":[[[114.14882717399331,-23.744720279350815],[114.15126878711297,-23.744720279350815],[114.15126878711297,-23.742470995140803],[114.14882717399331,-23.742470995140803],[114.14882717399331,-23.744720279350815]]]}"
28,541.5175803599291,938.5042650577335,1616.1543742848214,2426.5775512327045,3599.5573182149146,2912.5438468740235,-0.4422216914169254,0.2008169624339905,SiL,06/15/2018,2780,28,-23.370780478220926,114.19721603393555,0.9730736288603007,0,0,"{""geodesic"":false,""type"":""Polygon"",""coordinates"":[[[114.19599217934179,-23.371919436441235],[114.19842687568521,-23.371919436441235],[114.19842687568521,-23.36967015223116],[114.19599217934179,-23.36967015223116],[114.19599217934179,-23.371919436441235]]]}"
29,818.7087880528434,1225.9615163699023,1697.940890815101,2429.321393138741,3253.7781316902524,2536.78152576889,-0.3292361260574662,0.1774820623507107,SiL,06/15/2018,2780,29,-22.76217336576781,113.90762329101562,0.11263911042437336,0,0,"{""geodesic"":false,""type"":""Polygon"",""coordinates"":[[[113.90629098575398,-22.763310831450294],[113.90871469368032,-22.763310831450294],[113.90871469368032,-22.761061547240107],[113.90629098575398,-22.761061547240107],[113.90629098575398,-22.763310831450294]]]}"
3,592.1341565159352,876.0203014628177,1275.7433672618051,2106.4707158351407,3042.5133210968347,2287.3771066243953,-0.41248035577743836,0.2457023088385435,SiL,06/15/2018,2780,3,-23.8223321042244,113.67605209350586,0.5363159733707134,0,0,"{""geodesic"":false,""type"":""Polygon"",""coordinates"":[[[113.67496512448591,-23.82332286671127],[113.67740821420223,-23.82332286671127],[113.67740821420223,-23.82107358250127],[113.67496512448591,-23.82107358250127],[113.67496512448591,-23.82332286671127]]]}"
30,652.9555370870559,1097.1156243507166,1813.5571888634943,2604.0430085185967,4078.575316850196,3264.493714938708,-0.4071465751307003,0.17911295690193235,SiL,06/15/2018,2780,30,-23.5369206140002,114.02649879455566,0.34492173576741847,0,0,"{""geodesic"":false,""type"":""Polygon"",""coordinates"":[[[114.02531074488337,-23.53810776400334],[114.02774850701421,-23.53810776400334],[114.02774850701421,-23.535858479793294],[114.02531074488337,-23.535858479793294],[114.02531074488337,-23.53810776400334]]]}"
31,492.1425513028039,825.884810192679,1446.863296955772,1988.6640384314128,2829.3162759124843,2427.136964127199,-0.41311044171621375,0.15826334070140038,SiL,06/15/2018,2780,31,-22.941795601428563,114.41951751708984,0.8373762893723323,0,0,"{""geodesic"":false,""type"":""Polygon"",""coordinates"":[[[114.41832909772505,-22.94297388827418],[114.42075601066314,-22.94297388827418],[114.42075601066314,-22.940724604064027],[114.41832909772505,-22.940724604064027],[114.41832909772505,-22.94297388827418]]]}"
32,1395.6279479604013,2128.820297517236,3014.896283626187,3543.075778779872,3025.197636448455,1517.0756751153276,-0.2521848351551659,0.08137256306068812,SiL,06/15/2018,2780,32,-23.83827030191915,113.69390487670898,0.48117499962460963,0,1,"{""geodesic"":false,""type"":""Polygon"",""coordinates"":[[[113.69293128235905,-23.83904338418336],[113.69537466816105,-23.83904338418336],[113.69537466816105,-23.836794099973368],[113.69293128235905,-23.836794099973368],[113.69293128235905,-23.83904338418336]]]}"
33,549.2502075980906,971.7477683205319,1762.3099439485163,2520.313265517958,3970.1590720365393,3184.004463358938,-0.44352074929156443,0.1779475308236599,SiL,06/15/2018,2780,33,-23.757145718493085,114.37239646911621,0.29549967002767685,0,0,"{""geodesic"":false,""type"":""Polygon"",""coordinates"":[[[114.37116008067372,-23.75819500861261],[114.37360194647111,-23.75819500861261],[114.37360194647111,-23.7559457244026],[114.37116008067372,-23.7559457244026],[114.37116008067372,-23.75819500861261]]]}"
34,593.279176439927,938.2009903570499,1679.0363825905667,2403.7255668491016,3934.891060724526,3365.68058378942,-0.43870573821840564,0.17785067531988896,SiL,06/15/2018,2780,34,-23.191178158142442,114.44664001464844,0.32683445902070274,0,0,"{""geodesic"":false,""type"":""Polygon"",""coordinates"":[[[114.44527630945689,-23.192256379617348],[114.44770772307855,-23.192256379617348],[114.44770772307855,-23.190007095407232],[114.44527630945689,-23.190007095407232],[114.44527630945689,-23.192256379617348]]]}"
35,550.8182011030972,843.7526516758593,1302.4983029274504,2257.0940814594824,3131.871658888418,2414.876219770895,-0.45558161368916983,0.26836661366872594,SiL,06/15/2018,2780,35,-23.69852863779507,113.7055778503418,0.06900045530420473,0,0,"{""geodesic"":false,""type"":""Polygon"",""coordinates"":[[[113.7041615281435,-23.699804515144848],[113.70660230035631,-23.699804515144848],[113.70660230035631,-23.69755523093483],[113.7041615281435,-23.69755523093483],[113.7041615281435,-23.699804515144848]]]}"
36,553.3698558906551,965.9871490120337,1775.1349725152284,2481.036027336206,3946.156588916951,3101.9517902243347,-0.4399982697476049,0.16698960497641752,SiL,06/15/2018,2780,36,-23.963744492570996,114.37454223632812,0.2568231737814515,0,0,"{""geodesic"":false,""type"":""Polygon"",""coordinates"":[[[114.37340392300437,-23.96480752396009],[114.37584968671065,-23.96480752396009],[114.37584968671065,-23.962558239750116],[114.37340392300437,-23.962558239750116],[114.37340392300437,-23.96480752396009]]]}"
37,539.2039787510845,938.3695251517784,1695.007643104944,2300.6849522983525,3198.0427688638338,2733.9193950563754,-0.4205162704658909,0.15183573681206922,SiL,06/15/2018,2780,37,-23.098996821848434,114.48234558105469,0.49143823743786286,0,0,"{""geodesic"":false,""type"":""Polygon"",""coordinates"":[[[114.48120975436231,-23.10017906299509],[114.48363949826879,-23.10017906299509],[114.48363949826879,-23.097929778784966],[114.48120975436231,-23.097929778784966],[114.48120975436231,-23.10017906299509]]]}"
38,729.4557999584977,1418.9096285536418,2417.1017846026143,3083.529622328285,4758.877723594108,3951.4787300269786,-0.36973522309934875,0.12227489488902382,SiL,06/15/2018,2780,38,-23.871632105489425,114.39702987670898,0.12049702563599762,0,0,"{""geodesic"":false,""type"":""Polygon"",""coordinates"":[[[114.3958626750196,-23.87273020733784],[114.39830669615226,-23.87273020733784],[114.39830669615226,-23.870480923127854],[114.3958626750196,-23.870480923127854],[114.3958626750196,-23.87273020733784]]]}"
39,1418.8215569645067,1836.1670697431196,2513.692136740963,3198.785868357409,3830.4134910778484,3109.6655336950116,-0.2703283376282745,0.12010112579804362,SiL,06/15/2018,2780,39,-22.683558701829416,114.07344818115234,0.04277113648359643,0,0,"{""geodesic"":false,""type"":""Polygon"",""coordinates"":[[[114.07248000824283,-22.684708244089837],[114.07490232412033,-22.684708244089837],[114.07490232412033,-22.68245895987964],[114.07248000824283,-22.68245895987964],[114.07248000824283,-22.684708244089837]]]}"
4,548.380918975798,987.5582251841452,1945.2991932655202,2687.4824622939313,4549.9154682567505,3923.4933356716942,-0.4628749410791932,0.1621623231597304,SiL,06/15/2018,2780,4,-23.76625806979637,114.33197021484375,0.6734100458645709,0,-99,"{""geodesic"":false,""type"":""Polygon"",""coordinates"":[[[114.33073580874328,-23.767178161453803],[114.3331778430966,-23.767178161453803],[114.3331778430966,-23.764928877243793],[114.33073580874328,-23.764928877243793],[114.33073580874328,-23.767178161453803]]]}"
40,877.1448890278215,1318.3852245493388,1833.3890278211945,2731.965405855998,3762.3545899760356,2796.812441387935,-0.34939608949353834,0.1972409695668344,SiL,06/15/2018,2780,40,-23.10578630742116,113.82659912109375,0.3149670216367503,0,0,"{""geodesic"":false,""type"":""Polygon"",""coordinates"":[[[113.8254395361082,-23.106916427625986],[113.82786940189844,-23.106916427625986],[113.82786940189844,-23.104667143415867],[113.8254395361082,-23.104667143415867],[113.8254395361082,-23.106916427625986]]]}"
41,561.5965220446164,935.2712102582122,1456.3387493412972,1817.6378886351663,3117.998243456877,2207.318900404006,-0.32032043616677175,0.11104645007935092,SiL,06/15/2018,2780,41,-23.557221022345267,114.91141319274902,0.8309404408393362,0,0,"{""geodesic"":false,""type"":""Polygon"",""coordinates"":[[[114.91015111264198,-23.558319857896024],[114.91258924956536,-23.558319857896024],[114.91258924956536,-23.556070573685982],[114.91015111264198,-23.556070573685982],[114.91015111264198,-23.558319857896024]]]}"
42,661.6936904079616,1085.9783254311476,1768.8556765487424,2444.3464283853514,3699.249622258116,2989.714166623249,-0.38235717489222265,0.16343816648083223,SiL,06/15/2018,2780,42,-23.146200323385056,114.06477928161621,0.7855970813071428,0,0,"{""geodesic"":false,""type"":""Polygon"",""coordinates"":[[[114.06349272084516,-23.147340615411363],[114.06592331890081,-23.147340615411363],[114.06592331890081,-23.14509133120125],[114.06349272084516,-23.14509133120125],[114.06349272084516,-23.147340615411363]]]}"
43,636.8618778807808,964.8257289346932,1387.7597493396859,2109.8969392511262,3161.698275415609,2193.545030814646,-0.3708153259914138,0.20694934292806463,SiL,06/15/2018,2780,43,-23.91440113396575,113.98590087890625,0.3568559106889453,0,0,"{""geodesic"":false,""type"":""Polygon"",""coordinates"":[[[113.98488302995023,-23.915400183333517],[113.98732785752317,-23.915400183333517],[113.98732785752317,-23.913150899123536],[113.98488302995023,-23.913150899123536],[113.98488302995023,-23.915400183333517]]]}"
44,1065.446598905395,1751.8090695856138,2787.26630179828,3446.1111284857957,5133.569351055512,4102.103309877506,-0.3266396341948924,0.10609271840216718,SiL,06/15/2018,2780,44,-23.16892785478574,114.34295654296875,0.6530228036788751,0,0,"{""geodesic"":false,""type"":""Polygon"",""coordinates"":[[[114.3419702554802,-23.16979849751435],[114.34440126106372,-23.16979849751435],[114.34440126106372,-23.16754921330424],[114.3419702554802,-23.16754921330424],[114.3419702554802,-23.16979849751435]]]}"
45,1500.4946447974344,2551.0055362963744,3729.728980183166,4011.90526206861,5263.7330159879975,3690.1002742277656,-0.2232235931321931,0.06419552507143064,SiL,06/15/2018,2780,45,-23.99511359781343,114.46002960205078,0.994222991650814,0,0,"{""geodesic"":false,""type"":""Polygon"",""coordinates"":[[[114.45874357694585,-23.99624855890427],[114.46118993769412,-23.99624855890427],[114.46118993769412,-23.993999274694303],[114.45874357694585,-23.993999274694303],[114.45874357694585,-23.99624855890427]]]}"
46,526.9437418825621,823.1188051131317,1399.1674755622398,2038.3890901633738,3463.2152573655085,2776.9086061931785,-0.42400766634794623,0.185915326368354,SiL,06/15/2018,2780,46,-23.637998134516906,114.20167922973633,0.8224597893491968,0,0,"{""geodesic"":false,""type"":""Polygon"",""coordinates"":[[[114.20048128769184,-23.639168233466776],[114.20292092797597,-23.639168233466776],[114.20292092797597,-23.63691894925675],[114.20048128769184,-23.63691894925675],[114.20048128769184,-23.639168233466776]]]}"
47,524.621253405994,840.6556539509533,1408.204700272479,2073.1705267938237,3234.0463215258837,2602.348660308808,-0.42218222733101646,0.19078305497753809,SiL,06/15/2018,2780,47,-23.350608989836083,114.39934730529785,0.4279571723433313,0,0,"{""geodesic"":false,""type"":""Polygon"",""coordinates"":[[[114.39811330344841,-23.35170734254855],[114.40054762884787,-23.35170734254855],[114.40054762884787,-23.349458058338463],[114.39811330344841,-23.349458058338463],[114.39811330344841,-23.35170734254855]]]}"
48,585.2190654594651,960.4568113227184,1534.304662295764,2343.8376001665097,3506.5213862004375,2813.914195025498,-0.4187697822440695,0.20950732137031527,SiL,06/15/2018,2780,48,-23.328227657270986,114.1343879699707,0.312041312759366,0,0,"{""geodesic"":false,""type"":""Polygon"",""coordinates"":[[[114.13311050014411,-23.329249460445563],[114.13554441387129,-23.329249460445563],[114.13554441387129,-23.327000176235476],[114.13311050014411,-23.327000176235476],[114.13311050014411,-23.329249460445563]]]}"
49,642.8057809330629,1021.8296870472329,1682.4826861779202,2376.1687192118234,3508.926180817155,2807.240872210954,-0.3953986505464012,0.17176378165123637,SiL,06/15/2018,2780,49,-22.84295759218131,114.32536125183105,0.24814598334940274,0,0,"{""geodesic"":false,""type"":""Polygon"",""coordinates"":[[[114.32400687487655,-22.844159207021043],[114.32643202105919,-22.844159207021043],[114.32643202105919,-22.841909922810878],[114.32400687487655,-22.841909922810878],[114.32400687487655,-22.844159207021043]]]}"
5,532.031566486913,988.2846244903335,1956.6191634880975,2509.495330790478,4102.720373536764,3344.929698803105,-0.43470903377813813,0.12403578157359212,SiL,06/15/2018,2780,5,-23.375507727039132,114.83948707580566,0.5658220136446249,0,0,"{""geodesic"":false,""type"":""Polygon"",""coordinates"":[[[114.83828756630916,-23.376411012861826],[114.8407223451411,-23.376411012861826],[114.8407223451411,-23.37416172865175],[114.83828756630916,-23.37416172865175],[114.83828756630916,-23.376411012861826]]]}"
50,1249.7474969859002,1704.9205325784978,2452.346176023485,3233.974000104839,3600.5042197410507,3090.1628138596234,-0.3093973849328409,0.1375267992034018,SiL,06/15/2018,2780,50,-22.436576267907242,114.01740074157715,0.997740602464799,0,0,"{""geodesic"":false,""type"":""Polygon"",""coordinates"":[[[114.01633746708337,-22.437671540956977],[114.01875544792637,-22.437671540956977],[114.01875544792637,-22.435422256746737],[114.01633746708337,-22.435422256746737],[114.01633746708337,-22.437671540956977]]]}"
51,626.2989025849072,1093.831747022417,1846.1394913403046,2765.870442606754,4215.6572528215565,3477.9538149477307,-0.434007327280724,0.2009352653678213,SiL,06/15/2018,2780,51,-23.480960255646924,114.19961929321289,0.13587935165520115,0,0,"{""geodesic"":false,""type"":""Polygon"",""coordinates"":[[[114.19823695570496,-23.48196305874587],[114.20067367894028,-23.48196305874587],[114.20067367894028,-23.479713774535814],[114.19823695570496,-23.479713774535814],[114.19823695570496,-23.48196305874587]]]}"
52,744.576002502998,1102.3378004901701,1538.228190019294,2340.08776138082,3334.1327110601223,2593.870521979454,-0.3594860062438845,0.20686288602068387,SiL,06/15/2018,2780,52,-23.101207389714883,113.85801315307617,0.5452339807178976,0,0,"{""geodesic"":false,""type"":""Polygon"",""coordinates"":[[[113.8568806116188,-23.10242485120539],[113.8593103961481,-23.10242485120539],[113.8593103961481,-23.10017556699527],[113.8568806116188,-23.10017556699527],[113.8568806116188,-23.10242485120539]]]}"
53,548.6486486486485,976.6966324613379,1750.3269258563364,2542.033675386615,3765.8032952738818,3079.87122416534,-0.444840353058044,0.18517672096167434,SiL,06/15/2018,2780,53,-23.36644701873753,114.1948127746582,0.1564893824236092,0,0,"{""geodesic"":false,""type"":""Polygon"",""coordinates"":[[[114.1937464323004,-23.367427860020634],[114.1961810461759,-23.367427860020634],[114.1961810461759,-23.365178575810557],[114.1937464323004,-23.365178575810557],[114.1937464323004,-23.367427860020634]]]}"
54,1107.0156844106466,1515.4056558935363,1884.766872623574,2212.01497148289,1838.5223384030417,1146.847433460076,-0.18784297533934916,0.08140946513266291,SiL,06/15/2018,2780,54,-22.51287411375124,114.34106826782227,0.9338492313793545,0,-99,"{""geodesic"":false,""type"":""Polygon"",""coordinates"":[[[114.33973030368824,-22.514028340107135],[114.3421496179921,-22.514028340107135],[114.3421496179921,-22.51177905589691],[114.33973030368824,-22.51177905589691],[114.33973030368824,-22.514028340107135]]]}"
55,1032.5567771320877,1463.5159415737405,2124.1255431652803,2817.130726139994,3408.357258782264,2702.8856080833475,-0.3160981517280868,0.14049468145757754,SiL,06/15/2018,2780,55,-22.398411596863333,114.10735130310059,0.6537364243351124,0,0,"{""geodesic"":false,""type"":""Polygon"",""coordinates"":[[[114.10616932725631,-22.3994931413819],[114.10858664352929,-22.3994931413819],[114.10858664352929,-22.397243857171652],[114.10616932725631,-22.397243857171652],[114.10616932725631,-22.3994931413819]]]}"
56,1218.4426541672765,1470.2988135344951,2615.251208437086,1234.3998828182216,1048.1744543723444,709.5336165226307,0.3373154155499787,-0.1641347422856529,SiL,06/15/2018,2780,56,-23.49017055616701,113.76823425292969,0.5579081239951257,0,-99,"{""geodesic"":false,""type"":""Polygon"",""coordinates"":[[[113.76704553645453,-23.490946211587065],[113.7694824256964,-23.490946211587065],[113.7694824256964,-23.488696927377006],[113.76704553645453,-23.488696927377006],[113.76704553645453,-23.490946211587065]]]}"
57,896.4747148586009,1628.1159314619026,2784.8388625592406,3507.8220925993414,5068.322483203998,4324.255767928751,-0.366139687194971,0.1151560584434097,SiL,06/15/2018,2780,57,-23.24276567560854,114.29583549499512,0.8696090793832876,0,0,"{""geodesic"":false,""type"":""Polygon"",""coordinates"":[[[114.29480802989524,-23.24390950845421],[114.29724038394328,-23.24390950845421],[114.29724038394328,-23.241660224244104],[114.29480802989524,-23.241660224244104],[114.29480802989524,-23.24390950845421]]]}"
58,673.6686049530139,1102.1382067390066,1671.2867971548728,2395.5071387778416,3451.981880483879,2590.3136908779397,-0.37120346082395445,0.1801018384889076,SiL,06/15/2018,2780,58,-23.604340496534373,114.75417137145996,0.13920042563587898,0,0,"{""geodesic"":false,""type"":""Polygon"",""coordinates"":[[[114.75294550053941,-23.6054814103123],[114.75538451360778,-23.6054814103123],[114.75538451360778,-23.60323212610227],[114.75294550053941,-23.60323212610227],[114.75294550053941,-23.6054814103123]]]}"
59,1231.6117012925845,1568.733895023288,1822.1687686430482,2254.0251713852117,2370.012873515099,1472.764194881993,-0.17950143668860885,0.10710534836404376,SiL,06/15/2018,2780,59,-22.506292900888777,114.22425270080566,0.6738390189140925,0,0,"{""geodesic"":false,""type"":""Polygon"",""coordinates"":[[[114.2229493756047,-22.507290975476245],[114.22536857201821,-22.507290975476245],[114.22536857201821,-22.505041691266012],[114.2229493756047,-22.505041691266012],[114.2229493756047,-22.507290975476245]]]}"
6,610.7318776840689,1165.8647487970197,2331.7838774771053,2996.6013866611474,4892.439540539142,4060.504372121903,-0.43996304191592844,0.1251865616905697,SiL,06/15/2018,2780,6,-24.008599963692525,114.60371017456055,0.9722742994363526,0,0,"{""geodesic"":false,""type"":""Polygon"",""coordinates"":[[[114.60247389451236,-24.009723288166064],[114.60492051145056,-24.009723288166064],[114.60492051145056,-24.0074740039561],[114.60247389451236,-24.0074740039561],[114.60247389451236,-24.009723288166064]]]}"
60,2110.560619339759,2490.092121920341,2921.1188041678815,3025.1208491576563,1477.8741844386007,725.8258837277234,-0.09771398385423914,0.01777851211918362,SiL,06/15/2018,2780,60,-23.66323568600227,113.83106231689453,0.7524412337367727,1,1,"{""geodesic"":false,""type"":""Polygon"",""coordinates"":[[[113.82992600300557,-23.663871903780066],[113.83236610398917,-23.663871903780066],[113.83236610398917,-23.66162261957004],[113.82992600300557,-23.66162261957004],[113.82992600300557,-23.663871903780066]]]}"
61,1262.90535427357,1763.2745555382778,2354.393251438344,2564.7460218732167,2190.2935779816517,1060.1254340952673,-0.18518986559221848,0.042768117395065856,SiL,06/15/2018,2780,61,-23.815500848699653,113.80599975585938,0.9939390110966132,1,1,"{""geodesic"":false,""type"":""Polygon"",""coordinates"":[[[113.80522090399123,-23.816585502080372],[113.80766386689196,-23.816585502080372],[113.80766386689196,-23.814336217870377],[113.80522090399123,-23.814336217870377],[113.80522090399123,-23.816585502080372]]]}"
62,1791.3743512559695,2204.1477579406273,2679.3425887481844,2812.1650923811517,1984.2217666597483,975.975711023459,-0.12240781290425164,0.02457390079999283,SiL,06/15/2018,2780,62,-23.743711692498753,113.78625869750977,0.0857050144000242,1,1,"{""geodesic"":false,""type"":""Polygon"",""coordinates"":[[[113.7850094839243,-23.74472027935082],[113.78745109704397,-23.74472027935082],[113.78745109704397,-23.742470995140806],[113.7850094839243,-23.742470995140806],[113.7850094839243,-23.74472027935082]]]}"
63,20000.0,20000.0,20000.0,5057.12747102931,950.1387446908918,584.4491636516176,0.5963897911767655,-0.5963897911767655,SiL,06/15/2018,2780,63,-23.689332952046854,113.82196426391602,0.09397703076318409,1,1,"{""geodesic"":false,""type"":""Polygon"",""coordinates"":[[[113.82094259891271,-23.69082136230365],[113.8233832031936,-23.69082136230365],[113.8233832031936,-23.688572078093635],[113.82094259891271,-23.688572078093635],[113.82094259891271,-23.69082136230365]]]}"
64,20000.0,20000.0,20000.0,6456.096518495493,1284.2814216143408,639.5692674334265,0.5119692634498105,-0.5119692634498105,SiL,06/15/2018,2780,64,-23.860250808559567,113.7795639038086,0.3816950242942122,1,1,"{""geodesic"":false,""type"":""Polygon"",""coordinates"":[[[113.77827102297296,-23.86150126628635],[113.78071483219817,-23.86150126628635],[113.78071483219817,-23.85925198207636],[113.77827102297296,-23.85925198207636],[113.77827102297296,-23.86150126628635]]]}"
65,1070.0079719387754,1032.316517857143,379.613456632653,238.76039540816322,213.32302295918367,172.00395408163266,0.6248292851563003,-0.22838205841924294,SiL,06/15/2018,2780,65,-23.11257544974709,113.77269744873047,0.3036916098132255,1,1,"{""geodesic"":false,""type"":""Polygon"",""coordinates"":[[[113.7715405581923,-23.113653792256883],[113.77397054591215,-23.113653792256883],[113.77397054591215,-23.11140450804676],[113.7715405581923,-23.11140450804676],[113.7715405581923,-23.113653792256883]]]}"
66,20000.0,20000.0,20000.0,5379.257775119612,935.2322567783087,585.7196969696965,0.576118887201737,-0.576118887201737,SiL,06/15/2018,2780,66,-23.75046815951719,113.81561279296875,0.0926989087618817,1,1,"{""geodesic"":false,""type"":""Polygon"",""coordinates"":[[[113.81420466760015,-23.751457643981706],[113.81664640703525,-23.751457643981706],[113.81664640703525,-23.749208359771696],[113.81420466760015,-23.749208359771696],[113.81420466760015,-23.751457643981706]]]}"
67,2249.674332697807,2683.971997140133,3031.026930409914,2276.226644423259,135.06232125834134,102.57060295519541,0.08205521725759109,-0.1423777205932237,SiL,06/15/2018,2780,67,-23.640750128915293,113.8762092590332,0.24082093305767605,1,1,"{""geodesic"":false,""type"":""Polygon"",""coordinates"":[[[113.87484197630305,-23.641414021677083],[113.87728165844301,-23.641414021677083],[113.87728165844301,-23.639164737467055],[113.87484197630305,-23.639164737467055],[113.87484197630305,-23.641414021677083]]]}"
68,20000.0,20000.0,20000.0,5441.626737912435,1066.7147229715715,625.2803486200456,0.5722721410010974,-0.5722721410010974,SiL,06/15/2018,2780,68,-23.736954874992467,113.80891799926758,0.7487668691913297,1,1,"{""geodesic"":false,""type"":""Polygon"",""coordinates"":[[[113.80746742906202,-23.73798291471992],[113.80990891591307,-23.73798291471992],[113.80990891591307,-23.73573363050991],[113.80746742906202,-23.73573363050991],[113.80746742906202,-23.73798291471992]]]}"
69,981.993197278912,1319.8892726321296,1512.6309785452645,1653.3723181580335,1335.8245421245429,867.7153846153851,-0.10873278401634665,0.04233932640694383,SiL,06/15/2018,2780,69,-22.479251137703745,114.37694549560547,0.5340635357181397,1,1,"{""geodesic"":false,""type"":""Polygon"",""coordinates"":[[[114.37566320908971,-22.480341516952652],[114.3780819343912,-22.480341516952652],[114.3780819343912,-22.47809223274242],[114.37566320908971,-22.47809223274242],[114.37566320908971,-22.480341516952652]]]}"
7,592.8272066458985,1049.8896677050889,1973.8340083073742,2627.442627206646,4112.027102803741,3493.110488058152,-0.4298492613389287,0.14286618724073488,SiL,06/15/2018,2780,7,-23.72328303306439,114.63057518005371,0.2435853846828513,0,0,"{""geodesic"":false,""type"":""Polygon"",""coordinates"":[[[114.6294260400321,-23.724508185458127],[114.63186727448632,-23.724508185458127],[114.63186727448632,-23.72225890124811],[114.6294260400321,-23.72225890124811],[114.6294260400321,-23.724508185458127]]]}"
70,1006.9969288428501,1318.028213002967,1382.1253969080208,1612.399354536463,1673.0676175108013,1193.340325854979,0.08896974704959482,-0.03680272486164414,SiL,06/15/2018,2780,70,-23.2609033368794,113.78437042236328,0.44045569814511,1,1,"{""geodesic"":false,""type"":""Polygon"",""coordinates"":[[[113.78276815433527,-23.261875814136594],[113.78520083612224,-23.261875814136594],[113.78520083612224,-23.259626529926503],[113.78276815433527,-23.259626529926503],[113.78276815433527,-23.261875814136594]]]}"
71,773.3152711926226,1127.7414161413014,1742.1386442974006,2032.1102485281092,2449.6080862814574,2054.4140051060285,-0.2862088944620948,0.0768533583598794,SiL,06/15/2018,2780,71,-23.092206993106863,114.58791732788086,0.5680893055586189,1,1,"{""geodesic"":false,""type"":""Polygon"",""coordinates"":[[[114.58676186106942,-23.093441698364202],[114.58919148313795,-23.093441698364202],[114.58919148313795,-23.09119241415408],[114.58676186106942,-23.09119241415408],[114.58676186106942,-23.093441698364202]]]}"
72,1131.3180611594819,1669.7353472074758,1826.972924187726,979.3513484816312,527.4841792312593,435.21352728817175,0.2622765236575013,-0.3035166228963486,SiL,06/15/2018,2780,72,-22.43665560141127,114.12992477416992,0.5441364357308729,1,1,"{""geodesic"":false,""type"":""Polygon"",""coordinates"":[[[114.12862687759852,-22.43767154095698],[114.1310448584415,-22.43767154095698],[114.1310448584415,-22.43542225674674],[114.12862687759852,-22.43542225674674],[114.12862687759852,-22.43767154095698]]]}"
73,1160.6902891263348,1672.415723863398,2033.0990990990977,2227.729048816256,1361.184632306725,876.8327571757799,-0.14010606192898606,0.0443261493675313,SiL,06/15/2018,2780,73,-22.427531951156986,114.12314414978027,0.3162025221019522,1,0,"{""geodesic"":false,""type"":""Polygon"",""coordinates"":[[[114.12188959109358,-22.428688388115788],[114.1243074154377,-22.428688388115788],[114.1243074154377,-22.426439103905548],[114.12188959109358,-22.426439103905548],[114.12188959109358,-22.428688388115788]]]}"
74,12919.575055818064,3578.0129290202,20000.0,3978.262838153592,1286.7140557661362,736.6821226439592,-0.05297446339933306,-0.6681946764984735,SiL,06/15/2018,2780,74,-23.696563802089734,113.8374137878418,0.3000877641049977,1,1,"{""geodesic"":false,""type"":""Polygon"",""coordinates"":[[[113.83666305351362,-23.69755872693454],[113.83910378373565,-23.69755872693454],[113.83910378373565,-23.695309442724525],[113.83666305351362,-23.695309442724525],[113.83666305351362,-23.69755872693454]]]}"
75,2505.4834959518357,2917.37585634212,3376.3782956196787,3449.7282022005384,1556.5726593315333,781.235883329873,-0.08393934910222285,0.010850919689971426,SiL,06/15/2018,2780,75,-23.70772367577621,113.87140274047852,0.49327538248643,1,1,"{""geodesic"":false,""type"":""Polygon"",""coordinates"":[[[113.87034977183092,-23.70878766798604],[113.87279071205874,-23.70878766798604],[113.87279071205874,-23.70653838377602],[113.87034977183092,-23.70653838377602],[113.87034977183092,-23.70878766798604]]]}"
76,598.6148040185311,703.1145697777315,317.51881734422994,227.1649055228774,201.53599500286296,168.7601374212691,0.5100215452000271,-0.16452467435666612,SiL,06/15/2018,2780,76,-23.2405574440691,113.77492904663086,0.8778230857883685,1,1,"{""geodesic"":false,""type"":""Polygon"",""coordinates"":[[[113.77378518554488,-23.241663720243903],[113.77621749864858,-23.241663720243903],[113.77621749864858,-23.239414436033805],[113.77378518554488,-23.239414436033805],[113.77378518554488,-23.241663720243903]]]}"
77,20000.0,20000.0,20000.0,5586.687225979044,994.7773649401802,596.1568700304675,0.5633183883212584,-0.5633183883212584,SiL,06/15/2018,2780,77,-23.732554898466823,113.82230758666992,0.06025529650450068,1,1,"{""geodesic"":false,""type"":""Polygon"",""coordinates"":[[[113.82094220033397,-23.73349133829933],[113.82338360303194,-23.73349133829933],[113.82338360303194,-23.731242054089307],[113.82094220033397,-23.731242054089307],[113.82094220033397,-23.73349133829933]]]}"
78,2242.5550752564964,2671.8510494245074,4839.738399041714,2429.990573407634,2560.0269777615745,1460.5183584188312,0.18806059788900195,-0.1685573100717404,SiL,06/15/2018,2780,78,-23.270050090832516,113.78402709960938,0.7080166813173647,1,1,"{""geodesic"":false,""type"":""Polygon"",""coordinates"":[[[113.78276807246849,-23.270858966977784],[113.78520091824774,-23.270858966977784],[113.78520091824774,-23.268609682767693],[113.78276807246849,-23.268609682767693],[113.78276807246849,-23.270858966977784]]]}"
79,783.5829207261887,792.0708087100038,344.1460363094289,247.45807379012942,229.4864505137624,192.06543150721407,0.5234604925922188,-0.15452240700125183,SiL,06/15/2018,2780,79,-23.51457080514549,113.76153945922852,0.873280955842982,1,1,"{""geodesic"":false,""type"":""Polygon"",""coordinates"":[[[113.76030794371225,-23.515649881900355],[113.76274528989772,-23.515649881900355],[113.76274528989772,-23.513400597690303],[113.76030794371225,-23.513400597690303],[113.76030794371225,-23.515649881900355]]]}"
8,1447.992155222007,1730.5773233617492,2414.172480518802,2918.147638721824,3138.07598974949,2593.634694838136,-0.25521416711603934,0.09445296553968682,SiL,06/15/2018,2780,8,-22.62304299161176,114.96977806091309,0.8786062657169985,0,0,"{""geodesic"":false,""type"":""Polygon"",""coordinates"":[[[114.968550038141,-22.624071962411765],[114.97097128435631,-22.624071962411765],[114.97097128435631,-22.62182267820156],[114.968550038141,-22.62182267820156],[114.968550038141,-22.624071962411765]]]}"
80,20000.0,20000.0,20000.0,5021.33274584003,847.8131771292319,569.3068788554251,0.5986577913796696,-0.5986577913796696,SiL,06/15/2018,2780,80,-23.83795626767706,113.78162384033203,0.5172156851787061,1,1,"{""geodesic"":false,""type"":""Polygon"",""coordinates"":[[[113.78051702256084,-23.839043384183356],[113.78296040836285,-23.839043384183356],[113.78296040836285,-23.836794099973364],[113.78051702256084,-23.836794099973364],[113.78051702256084,-23.839043384183356]]]}"
81,9962.144648099655,3532.845671665474,19615.481869396168,3925.818932000315,1237.5542331190984,726.6601602792983,-0.05271580039312873,-0.6556280433516304,SiL,06/15/2018,2780,81,-23.67376954717298,113.85543823242188,0.7873284496473403,1,1,"{""geodesic"":false,""type"":""Polygon"",""coordinates"":[[[113.85462956867606,-23.675100844831555],[113.85706987927604,-23.675100844831555],[113.85706987927604,-23.67285156062153],[113.85462956867606,-23.67285156062153],[113.85462956867606,-23.675100844831555]]]}"
82,2398.455631133496,2763.139467262061,3213.067293213564,3265.991121034323,1229.4937431850046,659.9625629575785,-0.0834523519943841,0.008190081695513702,SiL,06/15/2018,2780,82,-23.709924101604926,113.86505126953125,0.7896639465879957,1,1,"{""geodesic"":false,""type"":""Polygon"",""coordinates"":[[[113.86361238622477,-23.711033456196333],[113.86605336846937,-23.711033456196333],[113.86605336846937,-23.708784171986316],[113.86361238622477,-23.708784171986316],[113.86361238622477,-23.711033456196333]]]}"
83,20000.0,20000.0,20000.0,5029.953918690506,948.2017614091269,589.6780535539539,0.5980975478571603,-0.5980975478571603,SiL,06/15/2018,2780,83,-23.72108283260282,113.80599975585938,0.008908276145316973,1,1,"{""geodesic"":false,""type"":""Polygon"",""coordinates"":[[[113.80522178784183,-23.72226239724783],[113.80766298024812,-23.72226239724783],[113.80766298024812,-23.72001311303782],[113.80522178784183,-23.72001311303782],[113.80522178784183,-23.72226239724783]]]}"
84,1188.7829047294824,1752.6166657937476,2159.9901010841686,1974.6808254334064,1026.5643953281315,677.522547530509,-0.051731237738214454,-0.05186870353768012,SiL,06/15/2018,2780,84,-22.43221285533764,114.12520408630371,0.5734846878370636,1,1,"{""geodesic"":false,""type"":""Polygon"",""coordinates"":[[[114.12413534024587,-22.43317996453639],[114.12655324282946,-22.43317996453639],[114.12655324282946,-22.430930680326146],[114.12413534024587,-22.430930680326146],[114.12413534024587,-22.43317996453639]]]}"
85,4659.78496576053,4191.358632496368,20000.0,4512.521633118902,777.670678564017,535.9463581655945,-0.0697790556299075,-0.6318474588355583,SiL,06/15/2018,2780,85,-23.77749052119731,113.79947662353516,0.31075677662537815,1,1,"{""geodesic"":false,""type"":""Polygon"",""coordinates"":[[[113.79848389766181,-23.778407102505298],[113.80092614282721,-23.778407102505298],[113.80092614282721,-23.77615781829529],[113.79848389766181,-23.77615781829529],[113.79848389766181,-23.778407102505298]]]}"
86,1020.3242706263717,1315.9399769946663,1445.3069643417334,1586.5236327512282,1659.9467217400393,1186.637090871065,0.011604495530223993,-0.01424638584929142,SiL,06/15/2018,2780,86,-22.717210990351813,113.71227264404297,0.3178986407124508,1,0,"{""geodesic"":false,""type"":""Polygon"",""coordinates"":[[[113.71090780893499,-22.718395067244316],[113.71333072065065,-22.718395067244316],[113.71333072065065,-22.716145783034126],[113.71090780893499,-22.716145783034126],[113.71090780893499,-22.718395067244316]]]}"
87,20000.0,20000.0,20000.0,5222.318275479473,955.4303904475088,609.3125165108046,0.5859244839884516,-0.5859244839884516,SiL,06/15/2018,2780,87,-23.71212449032099,113.85114669799805,0.9091463629824524,1,1,"{""geodesic"":false,""type"":""Polygon"",""coordinates"":[[[113.85013763598513,-23.713279244406635],[113.85257866025167,-23.713279244406635],[113.85257866025167,-23.711029960196615],[113.85013763598513,-23.711029960196615],[113.85013763598513,-23.713279244406635]]]}"
88,2819.9183821623024,3425.9575836142076,19352.000622245272,4102.671039668136,853.0371791547833,565.5041223749027,-0.09000091440683948,-0.6320656472126522,SiL,06/15/2018,2780,88,-23.781888979107634,113.79501342773438,0.8868191250513253,1,1,"{""geodesic"":false,""type"":""Polygon"",""coordinates"":[[[113.79399227912712,-23.782898678925893],[113.7964346086538,-23.782898678925893],[113.7964346086538,-23.780649394715887],[113.79399227912712,-23.780649394715887],[113.79399227912712,-23.782898678925893]]]}"
89,20000.0,20000.0,20000.0,5365.826756546541,931.3966813585695,594.1598651801917,0.5770647176991868,-0.5770647176991868,SiL,06/15/2018,2780,89,-23.838113284893176,113.77939224243164,0.5239366680685928,1,1,"{""geodesic"":false,""type"":""Polygon"",""coordinates"":[[[113.77827123435057,-23.83904338418336],[113.78071462015255,-23.83904338418336],[113.78071462015255,-23.836794099973364],[113.77827123435057,-23.836794099973364],[113.77827123435057,-23.83904338418336]]]}"
9,514.9369404691886,861.0139188394427,1628.8910017643589,2382.382800758021,4016.4841534339653,3427.4778801542157,-0.46905461183833125,0.18806380514393697,SiL,06/15/2018,2780,9,-23.4605693539937,114.15215492248535,0.3370303694155753,0,0,"{""geodesic"":false,""type"":""Polygon"",""coordinates"":[[[114.15107558960075,-23.46175096485318],[114.15351193962296,-23.46175096485318],[114.15351193962296,-23.459501680643122],[114.15107558960075,-23.459501680643122],[114.15107558960075,-23.46175096485318]]]}"
90,1151.352268423843,1658.5740362038923,2252.113156100886,2469.1340604408083,2286.771870029538,1098.6669696281149,-0.19649049926263412,0.04601062735497259,SiL,06/15/2018,2780,90,-23.88536682116926,113.8018798828125,0.35990324268205875,1,1,"{""geodesic"":false,""type"":""Polygon"",""coordinates"":[[[113.8007286722594,-23.886204936599633],[113.8031729478535,-23.886204936599633],[113.8031729478535,-23.883955652389645],[113.8007286722594,-23.883955652389645],[113.8007286722594,-23.886204936599633]]]}"
91,981.9889633125282,1606.4691733901655,2527.5915664484683,2922.370604353782,4061.446491094534,3409.402648804992,-0.2905507254476641,0.07212175895855075,SiL,06/15/2018,2780,91,-23.11478579409572,114.58791732788086,0.519248946680702,1,1,"{""geodesic"":false,""type"":""Polygon"",""coordinates"":[[[114.58676165823755,-23.115899580467186],[114.58919168661079,-23.115899580467186],[114.58919168661079,-23.113650296257063],[114.58676165823755,-23.113650296257063],[114.58676165823755,-23.115899580467186]]]}"
92,18979.63656299841,18335.43381180224,20000.0,5157.243022328548,869.8262559808612,565.0135566188197,0.5168377853882714,-0.5900933496824949,SiL,06/15/2018,2780,92,-23.78377398695017,113.79981994628906,0.4621136347433975,1,1,"{""geodesic"":false,""type"":""Polygon"",""coordinates"":[[[113.79848383448676,-23.785144467136192],[113.80092620620191,-23.785144467136192],[113.80092620620191,-23.782895182926186],[113.79848383448676,-23.782895182926186],[113.79848383448676,-23.785144467136192]]]}"
93,20000.0,20000.0,20000.0,6505.849168092053,1244.6346861555999,674.2229305965893,0.5091858345756621,-0.5091858345756621,SiL,06/15/2018,2780,93,-23.849261021215415,113.77939224243164,0.9799644219886974,1,1,"{""geodesic"":false,""type"":""Polygon"",""coordinates"":[[[113.77827112869434,-23.85027232523485],[113.78071472614268,-23.85027232523485],[113.78071472614268,-23.84802304102486],[113.77827112869434,-23.84802304102486],[113.77827112869434,-23.85027232523485]]]}"
94,11798.709831387807,3598.7134111543464,16555.125084306095,3822.4992477302217,651.4673929961092,390.0730998702985,-0.029047763209458975,-0.5403008665638508,SiL,06/15/2018,2780,94,-23.638076763731195,113.86917114257812,0.9984622319547323,1,1,"{""geodesic"":false,""type"":""Polygon"",""coordinates"":[[[113.86810463256705,-23.639168233466783],[113.87054427285118,-23.639168233466783],[113.87054427285118,-23.636918949256753],[113.86810463256705,-23.636918949256753],[113.86810463256705,-23.639168233466783]]]}"
95,20000.0,20000.0,20000.0,5442.779039029699,915.1953558285388,594.4873788420668,0.5723336605600494,-0.5723336605600494,SiL,06/15/2018,2780,95,-23.822410622312642,113.7795639038086,0.18503356887836697,1,1,"{""geodesic"":false,""type"":""Polygon"",""coordinates"":[[[113.77827138215982,-23.82332286671127],[113.78071447187615,-23.82332286671127],[113.78071447187615,-23.82107358250127],[113.77827138215982,-23.82107358250127],[113.77827138215982,-23.82332286671127]]]}"
96,20000.0,20000.0,20000.0,5430.162203202647,928.0679872998339,595.6967145223632,0.5730083631267703,-0.5730083631267703,SiL,06/15/2018,2780,96,-23.808590707265587,113.7879753112793,0.9356594743828927,1,1,"{""geodesic"":false,""type"":""Polygon"",""coordinates"":[[[113.78725466159312,-23.809848137449475],[113.78969749772521,-23.809848137449475],[113.78969749772521,-23.807598853239476],[113.78725466159312,-23.807598853239476],[113.78725466159312,-23.809848137449475]]]}"
97,2635.045798362865,2576.395865713397,5015.706455289609,3130.6735571443373,1401.5803543674226,699.4109418713085,-0.12572475399255872,-0.057369352148836206,SiL,06/15/2018,2780,97,-23.8472199580891,113.77235412597656,0.8183362641471889,1,1,"{""geodesic"":false,""type"":""Polygon"",""coordinates"":[[[113.77153378519988,-23.848026537024555],[113.77397734030849,-23.848026537024555],[113.77397734030849,-23.84577725281456],[113.77153378519988,-23.84577725281456],[113.77153378519988,-23.848026537024555]]]}"
98,20000.0,20000.0,20000.0,4836.664277180409,924.8570290720836,584.8815213062527,0.6105511727657359,-0.6105511727657359,SiL,06/15/2018,2780,98,-23.70552321283746,113.82007598876953,0.5020192183268626,1,1,"{""geodesic"":false,""type"":""Polygon"",""coordinates"":[[[113.81869666396659,-23.706541879775735],[113.82113756218287,-23.706541879775735],[113.82113756218287,-23.704292595565715],[113.81869666396659,-23.704292595565715],[113.81869666396659,-23.706541879775735]]]}"
99,5989.483121597094,3457.600985221674,7644.872750842622,3208.284988332901,1877.1999481462278,1006.868965517241,-0.08455028278272574,-0.16418973757346533,SiL,06/15/2018,2780,99,-23.734597763187185,113.84977340698242,0.08596734088337432,1,1,"{""geodesic"":false,""type"":""Polygon"",""coordinates"":[[[113.84789163785383,-23.73573712650962],[113.85033308262574,-23.73573712650962],[113.85033308262574,-23.733487842299606],[113.84789163785383,-23.733487842299606],[113.84789163785383,-23.73573712650962]]]}"
